"Date","工業生產指數(Index2021=100)","電力(企業)總用電量(十億度)","製造業銷售量指數(Index2021=100)","批發、零售及餐飲業營業額(十億元)","工業及服務業加班工時(小時)","海關出口值(十億元)","機械及電機設備進口值(十億元)"
198201,,2.22,12.32,,9.9,65.56,
198202,,1.93,12.82,,10.1,57.99,
198203,,2.1,14.63,,10.5,70.61,
198204,,2.29,14.3,,10.2,71.81,
198205,,2.29,14.56,,10.2,76.04,
198206,,2.65,14.03,,10.2,72.64,
198207,,2.42,14.28,,9.9,78.69,
198208,,2.53,13.78,,10.4,78.72,
198209,,2.58,14.11,,10,72.26,
198210,,2.4,13.81,,10.7,69.28,
198211,,2.53,13.72,,10.5,71.17,
198212,,2.18,15.51,,10.9,83.07,
198301,,2.31,14.73,,9.8,66.63,
198302,,2.23,11.94,,8.6,62.68,
198303,,2,15.4,,10.9,71.38,
198304,,2.35,15.65,,10.5,83.61,
198305,,2.5,16.08,,11.3,85.96,
198306,,2.95,16.05,,11.3,88.82,
198307,,2.68,16.16,,11.1,93.15,
198308,,2.95,16.45,,11.2,96.42,
198309,,2.92,16.13,,10.9,86.84,
198310,,2.7,15.87,,11.7,85.9,
198311,,2.86,16.75,,10.8,94.73,
198312,,2.41,17.48,,11.3,92.66,
198401,,2.54,18.06,,12.5,94.91,
198402,,2.32,13.81,,11.2,76.52,
198403,,2.46,18.24,,12.7,99.2,
198404,,2.72,17.89,,12.7,103.59,
198405,,2.69,18.76,,13.1,114.16,
198406,,3.11,18.22,,12.5,107.75,
198407,,3.05,18.22,,11.8,115.71,
198408,,3.2,18.33,,11.1,108.61,
198409,,3.03,17.05,,10.8,94.58,
198410,,3.03,17.2,,11.4,103.97,
198411,,2.98,17.68,,10.8,97.29,
198412,,2.59,18.65,,11.1,93.29,
198501,,2.72,17.78,,10.5,108.04,
198502,,2.76,15.18,,8.2,82.78,
198503,,2.22,18.25,,9.6,88.24,
198504,,2.82,18.43,,10,106.64,
198505,,2.85,18.87,,9.9,105.29,
198506,,3.26,17.8,,9.9,105.65,
198507,,3.08,18.25,,9.2,110.77,
198508,,3.24,17.88,,8.7,100.73,
198509,,3.13,17.47,,9.3,103.29,
198510,,2.93,18.07,,9.8,105,
198511,,3.09,18.19,,9.6,106.48,
198512,,2.82,20.12,,10.2,103.82,
198601,,2.89,20.21,,11.8,123.44,
198602,,2.74,15.39,,9.5,90.19,
198603,,2.64,23.12,,12.1,116.85,
198604,,3.25,19.32,,12.1,122.01,
198605,,3.26,20.45,,12.5,120.67,
198606,,3.56,20.37,,12.9,127.99,
198607,,4.16,21.15,,11.8,136.75,
198608,,3.43,21.17,,11.3,136.98,
198609,,3.51,20.73,,11.6,118.69,
198610,,3.43,21.76,,12.2,141.75,
198611,,3.57,21.24,,12,140.3,
198612,,3.41,23.71,,12.5,134.02,
198701,,3.12,21.68,,12,118.71,
198702,,2.93,19.58,,10.3,135.23,
198703,,3.44,23.43,,12.2,142.57,
198704,,3.58,23.65,,12.1,150.55,
198705,,3.61,23.77,,12,144.16,
198706,,3.82,23.78,,11.7,155.91,
198707,,3.98,23.77,,11.4,138.76,
198708,,4.1,23.9,,11.4,151.63,
198709,,3.83,23.32,,11.3,154.34,
198710,,3.76,23.22,,12,128.26,
198711,,3.82,23.04,,11.6,154.97,
198712,,3.66,25.23,,11.5,134.91,
198801,,3.46,23.72,,11.4,140.14,29.93
198802,,3.31,20.38,,8.8,122.99,25.45
198803,,3.31,24.65,,10.4,129.85,32.48
198804,,3.78,24.56,,10.5,138.18,31.93
198805,,4.11,24.96,,10.4,154.45,31.4
198806,,4.08,24.79,,10.3,151.61,32.33
198807,,4.32,24.65,,10.3,150.41,34.04
198808,,4.47,24.89,,10.2,163.58,35.55
198809,,4.11,24.15,,10.3,129.29,26.68
198810,,3.93,23.86,,11,156.54,33.73
198811,,4.15,24.67,,10.9,154.64,35.83
198812,,4.01,26.72,,10.6,143.45,33.2
198901,,3.74,25.6,,10.3,149.82,34.78
198902,,3.14,19.99,,8.2,113.42,26.68
198903,,3.76,27.87,,10.1,152.27,33.41
198904,,4.03,26.53,,10.4,152.71,35.63
198905,,4.39,27.08,,9.9,163.39,34.66
198906,,4.32,27.12,,9.9,136.7,32.34
198907,,4.45,26.52,,10.1,165.45,35.54
198908,,4.66,27.06,,10,153.2,32.71
198909,,4.4,25.32,,9.8,135.15,31.2
198910,,4.06,25.44,,10.4,146.52,33.7
198911,,4.29,26.37,,9.8,142.87,34.02
198912,,3.97,27,,9.6,139.73,31.49
199001,,3.72,23.2,,9,129.29,25.4
199002,,3.49,23.3,,8.3,131.91,43.11
199003,,4,27.83,,9.8,138.25,36.9
199004,,4.25,26.14,,9.2,150.73,39.68
199005,,4.51,26.76,,9.2,148.98,34.98
199006,,4.49,26.88,,9.3,144.67,36.59
199007,,4.78,26.75,,9.9,169.98,42.51
199008,,4.67,27.62,,9.4,157.51,34.44
199009,,4.54,26.22,,9.7,152.78,32.62
199010,,4.66,26.66,,10.4,169.31,39.55
199011,,4.52,27.48,,9.7,166.03,37.88
199012,,4.23,27.86,,10,149.01,37.52
199101,,4.51,26.46,,9.6,169.33,42.24
199102,,3.42,21.26,,8,133.25,32.53
199103,,4.05,27.38,,9.2,155.43,40.05
199104,,4.72,27.78,,10,154.46,46.32
199105,,4.63,29.19,,9.7,185.92,42.8
199106,,5.02,28.15,,9.8,187.79,42.34
199107,,5.25,29.29,,9.7,193,47.2
199108,,5.13,30.15,,9.4,165.83,38.87
199109,,4.97,29.67,,9.6,185.65,40.87
199110,,4.82,30.55,,10.2,176.14,43.14
199111,,4.64,31.27,,9.6,184.03,41.95
199112,,4.56,31.75,,9.9,160.23,41.15
199201,,4.47,30.92,,9.5,177.83,46.68
199202,,3.81,23.54,,7.9,130.99,35.32
199203,,4.24,30.49,,9.4,175.84,44.32
199204,,5.16,30.75,,9.7,178.55,46.44
199205,,4.88,30.81,,9.7,176.3,47.74
199206,,5.23,30.78,,9.3,171.42,51.45
199207,,5.28,30.91,,9.2,171.16,50.85
199208,,5.66,30.31,,8.9,183.56,48.87
199209,,5.03,29.35,,8.9,164.53,43.23
199210,,4.95,30.61,,9.6,178.82,49.21
199211,,4.81,30.49,,9.5,191.64,52.01
199212,,4.52,32.17,,9.5,163.73,47.13
199301,,4.18,25.73,,8.4,162.04,43.2
199302,,4.12,29.15,,8.3,163.67,51.71
199303,,5.21,32.33,,8.7,193.28,54.39
199304,,4.72,32.02,,9.3,181.72,53.28
199305,,5.27,31.72,,9.2,209.02,55.01
199306,,5.4,31.34,,8.9,184.78,51.38
199307,,5.57,32.5,,9.2,192.76,55.9
199308,,5.9,32.01,,9.3,207.25,55.81
199309,,5.31,31.27,,9.2,174.83,51.76
199310,,5.24,31.75,,9.9,201.86,55.7
199311,,5.38,31.21,,10.1,203.68,54.56
199312,,4.85,33.84,,10,186.94,54.37
199401,,5.13,32.05,,10.1,197.67,63.6
199402,,4.09,25.97,,8.2,153.24,46.6
199403,,5.12,34.61,,9.7,191.63,58.2
199404,,5.05,34.33,,10.2,201.47,60.99
199405,,6.1,34.32,,10.2,227.68,62.51
199406,,5.77,34.71,,10,196.88,58.34
199407,,5.63,34.08,,10.3,211.52,62.53
199408,,6.13,33.67,,10.1,214.01,59.95
199409,,5.52,34.41,,10.4,201.22,55.05
199410,,5.57,34.52,,11.2,232.15,64.24
199411,,5.79,35.93,,10.8,249.01,71.25
199412,,5.31,36.82,,10.9,212.57,60.07
199501,,5.01,34.86,,10.7,196.69,63.37
199502,,5,29.25,,9.1,226.19,67.38
199503,,5.22,38.04,,10.2,239.61,71.9
199504,,5.47,35.09,,10.4,248.99,79.86
199505,,6.28,37.24,,10.2,257.95,77.76
199506,,6.4,35.86,,9.7,224.43,78.24
199507,,6.12,34.9,,9.2,268.06,88.68
199508,,6.43,35.33,,8.8,270.16,86
199509,,5.8,35.08,,9,242.42,73.8
199510,,6.04,34.81,,10,288.56,87.8
199511,,6.03,35.75,,9.5,274.3,90.73
199512,,5.13,35.35,,9.6,256.83,79.8
199601,29.62,5.9,35.27,,9.4,295.95,100.04
199602,24.8,4.64,29.56,,7.8,209.77,69.57
199603,29.68,5.51,36,,9.1,250.47,81.03
199604,29.68,5.71,36.29,,9.5,277.45,90.84
199605,30.88,5.94,37.48,,9.4,262.62,71.44
199606,30.03,6.39,35.98,,9.1,270.96,80.82
199607,30.71,6.71,36.1,,9.2,264.89,80.56
199608,30.86,6.28,36.89,,9.6,270.51,81.82
199609,30.09,6.38,35.93,,9.7,273.16,74.92
199610,31.29,6.54,37.5,,10.6,273.31,82.74
199611,31.73,6.22,38.35,,10.3,286.47,95.1
199612,32.89,5.89,39.08,,10.2,285.99,80.22
199701,31.4,6.19,38.76,,10.3,287.65,89.46
199702,25.18,4.88,30.12,,8.8,215.3,71.74
199703,32.89,6.08,39.98,,10.4,297.78,96.58
199704,31.8,6.32,38.6,,10.4,275,102.69
199705,33.09,6.78,39.56,,10.1,285.72,85.02
199706,31.55,6.8,37.56,,9.7,282.41,98.46
199707,32.95,7.14,39.16,,9.7,302.38,104.79
199708,32.66,6.83,38.24,,9.7,274.88,94.16
199709,32.58,6.9,39.1,,10.1,314.88,104.17
199710,34.63,6.94,40.74,,10.9,302.66,100.01
199711,33.52,6.67,39.63,,11,356.73,114.26
199712,35.81,6.71,42.45,,10.5,346.11,115.18
199801,29.36,5.54,35.12,,10.1,256.4,96.62
199802,30.34,6.18,35.94,,9.3,293.46,128.39
199803,34.19,6.74,40.58,,9.5,347.18,132.8
199804,33.6,6.48,39.8,,9.8,303.52,114.36
199805,33.42,7.31,38.43,,9.9,314.77,109.56
199806,33.54,7.63,39.42,,8.9,317.25,113.35
199807,34.01,7.18,39.71,,8.3,312.8,111.57
199808,33.83,7.69,39.88,,8.6,338.11,124.05
199809,34.41,7.58,41.05,,8.8,334.35,130.88
199810,35.01,7.13,41.44,,9.8,296.58,127.47
199811,34.63,6.93,40.23,,9.6,345.97,130.43
199812,35.32,6.65,42.12,,9.6,300.09,118.11
199901,34.14,6.52,40.8,656.56196,9.6,320.63,133.77
199902,28.23,5.35,33.09,674.455642,8.1,248.18,103.77
199903,36.6,7.24,44.69,683.69244,9.5,348.92,144.06
199904,36.32,7.03,43.94,685.983209,10.1,305.92,119.87
199905,36.86,7.47,43.4,689.209924,10.1,352.72,131.42
199906,36.58,7.89,43.85,699.830771,10.2,326.18,131.42
199907,36.84,7.84,42.52,719.674013,10,326.8,129.23
199908,36.77,8.19,42.63,715.629525,9.8,349.7,138.81
199909,34,7.09,40.94,709.907353,9.3,309.23,119.75
199910,37.8,7.4,45.16,703.531804,10.2,370.21,176.42
199911,38.14,7.84,44.93,708.053031,10.4,372.7,153.44
199912,39.02,6.98,46.15,740.318873,10.3,355.19,152.53
200001,37.57,6.95,45.77,746.156376,10.3,377.75,149.17
200002,30.92,6.48,37.14,721.712973,8.9,282.41,135.39
200003,40.19,7.59,49.33,758.907494,10.2,375.19,165.33
200004,37.71,7.59,45.43,755.139384,10.4,382.81,177.78
200005,40.02,8.31,47.97,779.736938,10.2,411.61,184.67
200006,39.88,8.52,48.02,780.0659,10.2,391.04,172.72
200007,39.32,8.34,46.88,803.498072,9.9,428.41,199.31
200008,39.95,8.49,47.23,805.016487,9.7,405.17,180.41
200009,40.04,8.33,48.32,803.529372,9.9,412.65,186.28
200010,40.51,8.75,47.89,785.195193,9.8,436.31,191.05
200011,39.32,7.73,46.07,777.677559,9.6,417.14,176.07
200012,39.23,7.69,45.02,778.629234,9.2,408.79,154.13
200101,33.33,6.93,39.42,733.492114,8.8,331.63,140.67
200102,34.88,6.87,41.62,704.177135,9.1,336.71,139.9
200103,38.71,7.72,46.86,737.237219,9.3,389.53,144.94
200104,35.25,7.5,42.66,711.679292,9.6,366.9,157.34
200105,36.69,8.08,43.56,705.182271,9,342.38,127.27
200106,34.64,8.66,40.99,710.364743,8.7,360.71,127.65
200107,34.43,8.86,40.72,719.805605,7.6,347.42,132.07
200108,36.52,8.47,43.32,736.630934,7.6,338.64,118.96
200109,33.58,8,39.84,691.268157,7.7,316.01,118.63
200110,36.96,8.45,43.78,727.528632,8.8,409.97,159.54
200111,35.74,7.71,43.65,737.542071,8.1,362.89,124.93
200112,35.34,7.55,41.74,760.799648,8.3,367.78,134.45
200201,36.49,7.59,44.49,732.864081,8.5,351.7,128.43
200202,30.04,6.22,35.97,677.65044,7.7,291.12,105.18
200203,38.92,7.85,47.35,758.337834,9.2,417.98,166.29
200204,39,8.08,46.94,745.455332,9.7,395.19,154.58
200205,40.72,9.19,47.88,751.090346,9.6,395.69,142.42
200206,38.31,8.57,45.26,753.903394,9.2,398.5,150.02
200207,39.87,9.19,46.7,768.784549,8.7,387.86,160.63
200208,39.99,9.29,46.71,762.235957,8.4,381.21,130.07
200209,38.74,8.8,45.7,779.747727,8.6,402.41,152.49
200210,40.66,8.94,48.57,798.920821,9.4,417.15,161.52
200211,39.66,8.52,47.47,794.151515,9.1,428.78,144.65
200212,39.9,8.19,47.62,811.660777,9.3,425.24,162.81
200301,40.62,7.85,49.14,795.90352,9,365.12,141.18
200302,33.98,7.03,40.03,703.970117,8.5,354.29,128.37
200303,41.24,8.49,48.43,784.698107,9.3,459.19,160.57
200304,40.8,8.54,47.88,759.137791,9.1,420.62,147.91
200305,41.31,8.76,47.55,721.696811,9,408.75,125.95
200306,40.42,9.01,47.66,749.64372,8.6,421.26,147.61
200307,43.08,9.58,50.32,793.133402,8.6,420.48,153.06
200308,42.93,9.64,49.92,795.143535,8.9,445.86,151.82
200309,42.55,9.87,50.49,815.473104,9.2,452.08,158.58
200310,45.63,9.31,54.61,843.982553,9.9,463.43,166.23
200311,44.24,8.83,52.45,834.332906,10,492.76,184.28
200312,47.51,9.14,55.48,873.297111,10.2,501.91,186.38
200401,40.7,7.95,48.63,838.92325,9.5,421.74,153.48
200402,43.37,7.84,51.15,802.508607,9.7,463.79,177.23
200403,47.9,9.49,56.25,847.744888,10.1,518.08,199.55
200404,46.43,9.16,55.56,844.486621,10.1,490.4,172.98
200405,47.29,9.24,55.11,848.95312,10.3,551.49,183.24
200406,46.47,10.29,54.73,858.424555,10.1,514.53,187.35
200407,46.53,9.99,55.21,864.805344,9.8,521.49,185.3
200408,46.05,10.24,54.64,862.160449,9.4,530.31,195.07
200409,46.08,10.35,54.45,887.337569,10,535,196.43
200410,47.06,9.58,55.42,911.122535,10.5,550.38,212.33
200411,46.75,9.42,54.22,907.257607,10.2,544.27,207.43
200412,47.21,9.74,54.49,919.771642,10,507.04,187.73
200501,46.82,8.52,56.78,926.306106,10,520.03,193.18
200502,38.19,7.29,44.96,788.293248,8.8,389.58,141.14
200503,48.75,9.93,58.55,929.111424,9.9,515.73,195.2
200504,47.18,9.28,56.01,899.602967,10,520.6,176.48
200505,47.55,10.3,56.1,888.806294,9.9,538.93,190.83
200506,47.5,10.47,56.97,908.989591,9.5,490.7,175.78
200507,46.58,10.03,55.46,909.88198,9,517.13,187.78
200508,48.85,11.17,58.97,921.360674,9.1,532.26,182.44
200509,48.52,10.65,59.68,947.526598,9.2,556.72,190.18
200510,49.61,9.97,59.86,956.887164,9.8,629.42,207.52
200511,49.37,10.43,60.37,974.094544,9.4,610.8,208.63
200512,50.18,9.6,61.09,987.975888,9.7,605,183.13
200601,47.86,8.78,58.57,965.913735,8.8,550.2,171.64
200602,43.57,8.52,51.64,878.865503,8.9,499.38,193.79
200603,51.92,10.52,62.77,977.589674,9.4,585.18,201.8
200604,49.58,9.63,59.99,957.617417,9.5,616.89,196.43
200605,51.08,10.5,61.34,957.145712,9.4,605.71,199.81
200606,49.87,12.15,60.6,993.01763,9.2,588.42,192.6
200607,49.79,9.75,59.03,991.092718,9,643.02,224.05
200608,51.33,11.79,62.21,976.406266,8.9,639.86,201.06
200609,50.01,10.51,59.62,1002.932496,8.8,665.96,198.04
200610,50.08,10.75,60.52,1011.640019,9.3,661.27,210.98
200611,49.98,10.72,61.14,1028.506501,8.9,650.4,213.63
200612,49.49,9.98,58.92,1041.601904,9.1,645.67,188.31
200701,50.85,10.11,62.86,1033.159894,9,653.45,202.28
200702,41.3,8.4,49.8,901.710266,7.7,493.71,150.46
200703,52.28,9.99,64.71,1016.966819,9.2,657.02,195.55
200704,51.56,9.99,63.16,997.056499,9.1,661.15,212.17
200705,54.85,11.61,66.73,1018.875635,9.2,656.48,201.34
200706,53.54,10.93,65.06,1022.796988,9,671.29,199.44
200707,55.89,11.58,68.09,1065.761456,9,701.94,234.68
200708,56.2,11.94,68.66,1061.747201,8.9,705.2,209.94
200709,53.93,10.92,67.03,1059.305339,9.2,737.98,205.93
200710,58.43,11.58,72.21,1102.237849,9.8,748.75,203.42
200711,56.67,10.91,69.77,1075.338207,9.3,713.75,195.88
200712,56.58,10.26,68.5,1124.341035,9.2,764.98,213.88
200801,57.32,10.86,71.57,1148.109017,9.1,722.51,219.52
200802,48.52,8.96,59.94,971.511498,8.1,569.28,160.86
200803,57.65,10.34,72.12,1089.210145,9.3,756.96,228.94
200804,57.58,11.46,71.26,1079.565479,9.2,689.82,201.74
200805,58.31,11.29,71.21,1098.260595,9.1,726.52,175.82
200806,56.58,12.65,69.24,1078.840348,8.7,745.76,202.02
200807,57.58,10.62,69.31,1094.519474,8.7,701.68,193.85
200808,57.4,11.26,67.5,1090.529434,8.6,783.72,195.45
200809,53.98,12.44,65.03,1067.412332,8.2,700.32,191.26
200810,51.07,10.46,63.83,1059.142645,8,674.82,179.99
200811,41.24,8.97,51.51,946.794373,6,559.95,166.06
200812,38.92,9.32,50.25,933.294816,4.6,458.5,136.43
200901,32.18,6.74,46.67,923.228648,4.2,413.05,100.46
200902,35.09,9.16,50.64,882.470554,4.3,430.08,130.19
200903,42.27,9.43,57.97,953.715615,4.8,544.31,152.71
200904,45.95,9.6,60.29,970.564818,5.3,503.44,144.2
200905,48.35,9.23,59.83,961.888366,6,541.82,141.07
200906,51.14,11.18,64.78,1026.180905,5.9,558.16,170.01
200907,53.63,11.72,67.25,1061.949763,6.5,572.07,166.45
200908,52.95,10.62,64.3,1064.963631,7.2,627.97,179.12
200909,55.18,11.85,65.62,1072.44847,7.4,630.78,189.34
200910,56.19,10.85,66.56,1096.411927,7.8,645.22,191
200911,55.96,10.09,67,1076.655265,7.8,653.17,213.12
200912,58.79,10.89,72.07,1108.171108,8.2,649.44,199.86
201001,57.21,9.66,70.46,1045.939699,8.6,700.01,202.97
201002,50.49,8.78,58.31,964.486055,7.4,538.79,175.1
201003,61.85,11.54,74.87,1085.034091,9.1,753.21,245.42
201004,62.36,10.56,75.49,1088.780061,9.1,699.26,218.15
201005,63.69,11.04,74.27,1093.740832,9.3,811.1,233.98
201006,64.36,11.9,74.95,1123.825026,9.3,742.08,230.69
201007,65.98,11.88,76.81,1149.363189,9.2,775.86,237.95
201008,64.34,12.02,75.17,1124.969476,8.8,777.31,259.29
201009,61.92,12.41,73.05,1138.749985,8.7,723.66,252.93
201010,62.8,11.25,73.65,1171.144132,9.2,761.47,244.95
201011,65.11,11.31,75.04,1132.302234,8.8,748.23,244.57
201012,67.58,11.78,79.37,1165.226584,8.7,726.4,232.48
201101,65.82,10.34,78.27,1181.088323,8.8,750.59,237.48
201102,55.87,9.03,63.01,1006.54725,8.2,626.83,195.66
201103,68.43,12.08,81.4,1161.061939,9.2,814.4,251.26
201104,65.31,10.77,76.45,1136.38289,9.2,807.87,218.04
201105,67.27,11.96,75.35,1136.827922,8.8,809.3,255.46
201106,65.55,12.41,75.58,1178.913322,8.6,733.32,229.92
201107,66.35,11.77,76.56,1192.684786,8.6,821.56,226.83
201108,64.95,13.37,74.7,1157.553724,8.3,755.72,217.23
201109,61.09,11.99,73.42,1172.474212,8.1,730,205.92
201110,63.13,11.46,72.49,1187.865195,8.1,835.19,223.65
201111,60.8,11.99,71.72,1119.088295,7.7,751.06,212.28
201112,60.74,11.01,73.07,1145.744971,7.8,736.58,202.67
201201,55.27,10.68,64.4,1085.258888,7.5,644.81,197.26
201202,59.64,9.02,70.11,1062.890104,7.7,704.96,189.62
201203,67.1,12.34,79.37,1132.277548,8.2,789.58,213.11
201204,64.93,11.26,75.2,1108.245423,8.3,763.89,211.25
201205,67.2,12.97,76.99,1158.621205,8.4,777.06,216.58
201206,63.54,11.62,73.07,1159.233423,8.1,738.28,209.69
201207,66.92,12.61,76.61,1181.416134,8.1,755.19,234.17
201208,67.48,12.87,76.99,1157.39141,8,752.35,204.73
201209,64.89,11.46,74.3,1159.942522,8,818.19,201.9
201210,66.64,12.56,76.81,1177.987663,8.2,787.16,202.1
201211,65.33,11.43,75.92,1141.530901,7.8,736.34,185.66
201212,63.77,10.34,74,1156.71578,7.9,769.53,199.72
201301,67,11.91,79.41,1176.688517,8.1,754.73,223.35
201302,54.76,9.13,60.93,996.243409,7.4,587.16,161.74
201303,67.31,11.21,76.37,1141.631964,8.4,822.83,229.16
201304,66.07,11.62,76.31,1107.873246,8.7,761.43,212.53
201305,69.42,12.52,79.31,1144.076731,8.6,804.73,230.46
201306,67.15,13.08,75,1154.364597,8.6,804.71,231.85
201307,70.84,12.82,78.34,1184.172926,8.7,774.61,218.72
201308,69.35,12.85,78.78,1151.736958,8.6,778.62,189.76
201309,66.59,12.27,75.04,1181.544187,8.4,766.11,215.53
201310,68.44,12.28,78.62,1198.695871,8.7,798.78,206.83
201311,66.63,11.56,76.61,1166.188286,8.5,772.71,196.95
201312,69.53,11.28,79.73,1211.931815,8.7,792.63,238.2
201401,66.81,11.12,77.1,1205.958924,8.4,742.36,195.72
201402,59.88,9.97,65.87,1016.663378,7.8,653.85,183.09
201403,70.55,11.38,79.27,1162.711886,8.5,856.77,250.95
201404,70.57,11.68,82.18,1166.718483,8.7,821.9,231.95
201405,73.11,12.59,82.69,1192.638716,8.8,819.49,211.77
201406,72.78,12.5,80.65,1203.456684,8.5,821.53,241.13
201407,75.63,13.14,83.73,1214.060844,8.7,816.76,226.22
201408,75.1,13.31,80.9,1173.993136,8.6,855.73,218.69
201409,74.11,12.74,81.28,1213.205947,8.5,804.76,226.12
201410,75.98,12.67,84.08,1217.336157,8.8,829,210.41
201411,72.91,11.87,78.9,1173.213083,8.6,830.36,235.54
201412,75.79,11.61,83.94,1239.868933,8.7,810.92,226.83
201501,74.19,11.49,84.28,1201.219321,8.8,808.58,239.49
201502,62.06,9.72,67.09,1023.709617,7.8,630.92,175.51
201503,76.1,11.73,85.12,1152.777055,8.8,805.67,239.77
201504,72.32,11.78,82.03,1140.457328,8.8,743.37,208.6
201505,72.72,12.64,79.88,1139.619673,8.6,795.11,210.16
201506,72.75,12.68,80.24,1167.877647,8.3,719.55,226.07
201507,73.39,13.46,81.35,1158.983209,8.4,736.51,221.04
201508,70.29,12.85,76.88,1135.319785,8.1,768.28,227.32
201509,69.93,12.35,77.77,1150.753962,7.9,746.46,212.13
201510,71.02,12.65,80.92,1181.882752,8.2,795.06,230.22
201511,67.87,11.96,76.09,1144.745709,7.8,731.67,238.27
201512,70.9,12,79.23,1195.859039,8.1,732.55,210.73
201601,68.6,11.4,78.36,1173.839021,8.1,730.9,230.75
201602,58.05,9.83,63.47,948.801529,7.4,586.8,173.01
201603,73.57,11.69,83.29,1111.162996,8.1,746.46,229.51
201604,68.85,12.03,77.41,1104.391989,8.5,714.43,207.35
201605,73.5,13.03,80.51,1124.807949,8.5,762.72,245.24
201606,74.44,12.94,81.04,1153.711476,8.2,741.92,236.41
201607,74.49,13.43,79.49,1160.172071,8.5,774.53,254
201608,77.01,13.62,83.03,1168.126926,8.2,777.13,258.63
201609,75.99,12.67,78.07,1158.079392,8.2,711,253.51
201610,76.36,13.16,80.81,1190.277857,9.7,838.28,287.69
201611,78.43,12.47,84.18,1208.127799,9.2,793.19,264.34
201612,78.38,12.44,84.01,1234.8507,9.1,819.81,271.6
201701,72.47,11.52,77.58,1238.436429,8.1,754.31,243.79
201702,67.43,10.73,70.74,1022.460062,7.7,699.73,219.87
201703,79.7,12.23,86.29,1193.788289,8,787.45,256.35
201704,69.67,12.2,75.4,1136.048829,8.1,733.96,238.24
201705,75.9,13.06,81.36,1175.171293,8.1,763.79,254.91
201706,78.71,13.2,84.77,1203.567745,7.8,773.8,232.53
201707,76.39,13.73,81.37,1193.521346,7.8,819.56,258.43
201708,81.46,13.98,87.35,1227.593968,7.9,836.02,259.01
201709,80.04,13.61,84.56,1228.047974,7.7,864.96,267.59
201710,78.36,13.55,82.8,1231.995967,8.1,827.97,280.76
201711,79.89,12.8,85.23,1271.687073,8,863.18,277.3
201712,81.46,12.51,85.12,1298.258346,8,881.04,257.26
201801,79.31,12.36,86.52,1312.737615,8,808.9,283.42
201802,63.76,10.43,67.14,1062.589753,7.3,647.84,214.5
201803,83.86,12.68,89.1,1262.508853,8.2,871.5,259.51
201804,75.35,12.51,80.06,1185.239304,8.2,775.28,249.5
201805,81.98,13.79,87.44,1282.075105,8.2,860.86,266.37
201806,78.81,13.52,84.34,1255.254036,8.1,840.81,245.75
201807,80.02,14.05,84.63,1273.913102,8,860.42,294.04
201808,82.51,14.15,87.58,1299.084621,8,860.89,290
201809,81.11,13.45,83.04,1269.350807,8,906.76,300.54
201810,84.6,13.38,86.27,1301.20344,8.1,906.31,314.55
201811,81.4,12.74,84.72,1274.148209,7.7,854.33,280.69
201812,79.85,12.59,83.89,1259.316698,7.7,875.18,283.44
201901,79.78,12.42,88.96,1352.83107,7.5,835.72,323.55
201902,62.7,10.62,65.75,1002.066068,7.1,625.79,203.53
201903,77.52,12.5,83.46,1208.54271,7.7,877.42,329.33
201904,77.05,12.69,82.18,1207.62257,7.9,788.03,272.72
201905,80.43,13.53,85.2,1245.31883,7.9,852.95,273.88
201906,78.63,13.25,82.31,1218.858568,7.7,887.81,311.76
201907,83.92,13.99,87.55,1307.333083,7.4,872.9,315.06
201908,85.07,14.09,87.19,1262.559792,7.5,902.17,307.21
201909,81.72,13.28,83.54,1259.88399,7.6,877.09,358.21
201910,84.28,13.42,87.42,1306.178202,7.8,894.74,352.65
201911,83.75,12.7,84.92,1281.916039,7.9,870.37,328.38
201912,86.85,12.65,89.95,1311.013684,8.1,896.94,386.27
202001,78.32,11.85,80.09,1252.159754,8.1,751.69,293.27
202002,77.42,12,79.27,1095.813237,7.9,760.75,278.83
202003,87.56,12.87,89.44,1251.032118,7.8,850.84,341.91
202004,81.23,12.39,81.19,1154.258999,7.4,761.34,318.81
202005,82.42,13.19,80.85,1165.49633,6.9,808.08,317.68
202006,85.22,13.41,85.67,1212.263395,6.7,809.34,319.14
202007,88.2,14.35,89.83,1317.744006,6.6,833.09,324.15
202008,90.24,14.15,88.99,1291.470836,6.8,919.52,349.67
202009,93.41,14.11,95.62,1353.555186,6.8,903.92,347.08
202010,91.23,13.67,91.54,1314.054492,7.6,935.88,351.54
202011,92.67,13.23,94.67,1374.902619,7.5,921.39,385.32
202012,98,13.23,100.6,1426.806385,7.7,942.9,385.92
202101,95.39,12.83,98.01,1442.351824,8.1,974.87,393.05
202102,80.59,11.31,80.83,1198.316948,7.5,788.19,317.33
202103,102.74,13.66,102.21,1420.88205,8,1013.09,420.79
202104,94.47,13.39,96.57,1404.830209,8.5,994.72,375.18
202105,98.96,14.5,100.07,1374.296196,7.8,1047.76,398.9
202106,102.67,14.08,101.9,1296.407732,7.5,1016.29,396.81
202107,102.98,14.74,102.83,1359.407691,7.4,1058.49,417.79
202108,104.03,14.79,102.71,1409.945115,7.5,1102.42,472.31
202109,105.03,14.62,103.83,1468.254572,7.6,1100.1,450.25
202110,102.79,14.84,101.14,1463.524587,8.2,1118.5,453.88
202111,104.05,13.81,103.87,1539.019057,8,1157.32,447.57
202112,106.33,13.79,106.02,1563.737206,8.4,1129.85,445.09
202201,103.46,13.34,103.92,1609.068019,7.9,1105.52,445.18
202202,87.87,12.01,84.32,1264.677171,8,1041.6,406.31
202203,105.75,14.01,108.38,1603.732486,8.2,1228.75,503.83
202204,98.84,13.69,97.69,1489.480832,8.5,1194.51,466.71
202205,100.63,14.46,98.47,1480.799467,8,1242.83,501.76
202206,100.38,14.66,98.52,1495.51605,8,1246.5,490.66
202207,100.51,15.3,95.56,1493.239867,7.6,1289.04,497.43
202208,101.9,15.39,98.23,1494.258182,7.4,1206.97,500.27
202209,95.76,14.61,94.68,1551.93483,7.1,1151.06,452.63
202210,94.37,14.22,90.12,1538.443793,7.3,1265.68,546.87
202211,94.38,13.6,91.31,1486.440145,7.1,1150.54,475.79
202212,94.03,13.28,91.52,1563.851247,7.4,1095.27,420.05
202301,79.34,12.19,77.3,1439.549888,7.5,963.9,404.47
202302,79.18,11.82,79.72,1291.031894,8,937.09,382.218
202303,88.89,13.31,91.96,1492.938993,8.3,1075.336,417.5
202304,76.06,13.12,79.69,1373.89898,8.8,1093.816,375.864
202305,84.34,14.03,88.04,1428.212822,8.7,1108.92,392.774
202306,82.81,14.07,85.26,1443.082355,8.2,993.102,366.299
202307,84.76,14.89,86.64,1472.522754,7.9,1199.681,435.848
202308,90.57,14.97,91.66,1470.739101,7.8,1181.937,401.622
202309,89.34,14.57,87.86,1549.452632,7.8,1237.515,408.986
202310,92.46,14.2,89.64,1560.305842,8.1,1227.285,501.71
202311,92.79,13.42,90.08,1563.327713,7.7,1207.995,415.156
202312,90.57,13.42,88.48,1552.637462,7.7,1255.53,399.161
202401,91.54,13.14,93.09,1640.325562,8.1,1154.028,462.823
202402,78.61,11.61,74.71,1300.435816,7.9,985.601,313.032
202403,93.23,13.38,92.24,1550.563008,8.3,1319.319,459.645
202404,87.75,13.55,90.04,1528.526555,8.5,1201.936,482.17
202405,98.11,14.65,95.33,1564.841591,8.6,1209.873,472.679
202406,94.08,14.31,90.08,1546.645667,8.6,1288.938,531.271
202407,96.31,15.15,95.79,1610.262906,8.4,1297.449,569.248
202408,102.66,15.42,97.75,1567.159547,8.6,1421.71,497.356
202409,99.97,14.75,93.66,1613.980851,8.4,1298.002,541.756
202410,100.58,14.4,94.28,1618.886999,9.1,1320.601,575.802
202411,102.44,13.82,95.28,1597.373718,8.9,1321.086,545.814
202412,108.37,13.35,98.96,1703.752719,8.7,1414.727,624.357
202501,96.89,12.48,91.29,1644.499974,8.7,1272.979,506.436
202502,92.9,11.85,90.77,1486.274885,8.3,1353.171,615.098
202503,106.39,13.49,100.06,1665.702731,8.6,1627.967,767.354
202504,110.05,13.61,103.91,1698.962266,9,1600.01,805.885
202505,122.25,14.73,111.49,1637.110816,9.1,1601.325,700.142
202506,113.41,14.66,107.59,1565.475799,8.6,1592.338,698.882
202507,115.63,15.3,108.38,1598.728904,8.5,1654.388,726.259
202508,118.22,15.42,104.91,1603.258123,8.8,1740.069,730.752
202509,118.12,14.93,107.68,1755.171579,8.6,1648.572,760.673
202510,116.56,15.16,106.47,1752.826259,9.3,1855.322,729.425
202511,121.28,13.63,109.2,1791.744929,8.8,1982.888,926.067
202512,133.38,13.55,118.71,1784.284544,9,1958.323,801.408
202601,123.9,13.67,117.06,1978.703013,9.1,2073.372,963.432
202602,108.35,12.08,95.88,1602.538098,8.9,1571.858,753.295
202603,134.18,14.48,122.82,2113.463808,9,2536.954,1220.262
202604,126.49,14.39,114.95,2032.961864,9.4,2153.671,1107.559
202605,136.74,15.57,118.1,2107.281728,9.3,2475.946,1206.884
202606,139,15.66,124.02,2214.460928,9.1,2356.625,1276.53
202607,145.24,,,2264.24221,,2409.508,1240.643
