"Date","領先指標綜合指數","領先指標不含趨勢指數","同時指標綜合指數","同時指標不含趨勢指數","落後指標綜合指數","落後指標不含趨勢指數","景氣對策信號綜合分數","景氣對策信號"
198201,12.32815587,100.3449584,13.15273358,107.0671314,13.13630837,106.9334253,-,-
198202,12.3814322,99.92119235,12.89447756,104.0714361,13.37189735,107.9246953,-,-
198203,12.42082113,99.3859316,12.67474449,101.4269256,13.48148895,107.8827252,-,-
198204,12.41532257,98.49557429,12.50400114,99.20773481,13.50153001,107.1222078,-,-
198205,12.37670747,97.3511942,12.38495112,97.42415806,13.47300661,105.9831657,-,-
198206,12.3223557,96.09432542,12.3229379,96.10652529,13.4251567,104.7027237,-,-
198207,12.26001926,94.78743508,12.31943934,95.25408446,13.34875951,103.212803,-,-
198208,12.22401261,93.69465118,12.36630587,94.79217801,13.22922909,101.4067946,-,-
198209,12.23489624,92.96667996,12.45634728,94.65591245,13.06059872,99.24762538,-,-
198210,12.31835939,92.78769984,12.5678105,94.67290685,12.86245759,96.89247376,-,-
198211,12.50856861,93.39875694,12.70294219,94.85603183,12.64631288,94.43316672,-,-
198212,12.81511553,94.85047481,12.86567739,95.23036588,12.44290074,92.10101837,-,-
198301,13.22153092,97.00030354,13.04466485,95.70812624,12.30185196,90.25814107,-,-
198302,13.6645092,99.36994724,13.24586528,96.33069243,12.26045391,89.16427799,-,-
198303,14.11084418,101.7148829,13.43538473,96.85092546,12.34710482,89.00590142,-,-
198304,14.55152515,103.9723158,13.66509388,97.64339124,12.52494312,89.49648883,-,-
198305,14.91450741,105.6355524,13.93614529,98.71060099,12.76711154,90.4302608,-,-
198306,15.1376846,106.2856077,14.22957728,99.91389404,13.03973596,91.55934654,-,-
198307,15.21520628,105.909812,14.50946716,101.0014662,13.32522637,92.75787909,-,-
198308,15.15386911,104.5833055,14.77040585,101.9408268,13.60345594,93.88689521,-,-
198309,15.17318714,103.8342217,15.00790822,102.7069483,13.86420402,94.87998363,-,-
198310,15.28859163,103.7545368,15.224121,103.3205991,14.10492493,95.72502046,-,-
198311,15.4484682,103.9819363,15.44759474,103.9794612,14.32580806,96.42859156,-,-
198312,15.63484388,104.3904519,15.68849581,104.7519046,14.54228067,97.09863938,-,-
198401,15.85756542,105.0422898,15.94546945,105.6276401,14.78965921,97.97120145,42,紅
198402,16.11384975,105.9145304,16.1722785,106.301472,15.13675811,99.494927,39,紅
198403,16.33611519,106.5620457,16.3542637,106.6831555,15.53003579,101.3065004,37,黃紅
198404,16.47223597,106.6526972,16.4782687,106.6943109,15.90153658,102.9600572,34,黃紅
198405,16.48480561,105.9580009,16.55269777,106.3967729,16.22235594,104.2734148,37,黃紅
198406,16.38268201,104.5504297,16.57988036,105.8111335,16.49484543,105.2684492,30,綠
198407,16.21760399,102.7713069,16.54824783,104.8686878,16.73182202,106.0320246,30,綠
198408,16.0382262,100.9324451,16.46417192,103.6149757,16.94299147,106.62836,27,綠
198409,15.89400121,99.34174414,16.34589197,102.1680174,17.13101496,107.0753336,25,綠
198410,15.81916588,98.20412534,16.22140606,100.7029406,17.28202015,107.2872625,28,綠
198411,15.81432865,97.51153895,16.10650887,99.31479348,17.37575585,107.1411327,21,黃藍 
198412,15.86231782,97.14714909,16.00548928,98.02559296,17.4096019,106.6250784,21,黃藍 
198501,15.91426419,96.80432841,15.91569249,96.81457736,17.40987561,105.9036389,16,藍
198502,15.8591341,95.8091639,15.80155485,95.46283883,17.42190263,105.2519387,19,黃藍 
198503,15.71036826,94.25327951,15.61531232,93.6844926,17.49071513,104.9360229,14,藍
198504,15.50227708,92.35084584,15.43804634,91.96967892,17.55820289,104.6001707,14,藍
198505,15.27409854,90.3399653,15.28856225,90.42696878,17.60249807,104.113161,14,藍
198506,15.08337493,88.56009656,15.18679267,89.16875226,17.59930225,103.3337227,12,藍
198507,14.98648683,87.33443556,15.13442538,88.19801071,17.52708884,102.1415964,12,藍
198508,15.03535985,86.9507842,15.18083666,87.79356422,17.43362005,100.821824,13,藍
198509,15.2352906,87.42020564,15.34679967,88.06155349,17.34873373,99.54886209,14,藍
198510,15.58653769,88.724136,15.63500407,89.00157689,17.27004182,98.30895782,15,藍
198511,16.05446139,90.64698946,16.05892904,90.67382453,17.20102378,97.12245494,15,藍
198512,16.59203585,92.91044496,16.58582295,92.87732846,17.16086508,96.09745069,22,黃藍 
198601,17.13321608,95.13972384,17.15730917,95.27524952,17.16737687,95.33115583,21,黃藍 
198602,17.58377644,96.81773132,17.68194788,97.36006228,17.22331129,94.83472471,19,黃藍 
198603,17.89318241,97.68398616,18.10613033,98.84835383,17.3339312,94.63262075,33,黃紅
198604,18.06755571,97.79432882,18.44220941,99.8240571,17.52202725,94.84329181,28,綠
198605,18.15026675,97.40327664,18.74249835,100.5833234,17.71511031,95.06975197,29,綠
198606,18.19329228,96.80288854,19.0227218,101.2179487,17.87780848,95.12598249,37,黃紅
198607,18.22438401,96.1476799,19.27312008,101.6823806,18.01629986,95.0515667,34,黃紅
198608,18.30659763,95.7716735,19.48195723,101.9223869,18.15025831,94.95543116,39,紅
198609,18.46675564,95.80978929,19.72850268,102.3577572,18.29804682,94.93609652,36,黃紅
198610,18.70937858,96.27781492,20.0333407,103.0925652,18.47467663,95.0716025,36,黃紅
198611,19.02054721,97.09704095,20.36139729,103.9435124,18.68613796,95.39143038,38,紅
198612,19.35750353,98.0453618,20.67590053,104.7245856,18.9117162,95.78889386,37,黃紅
198701,19.71329159,99.08758986,20.94755381,105.2930268,19.15020767,96.25865379,36,黃紅
198702,20.048317,100.026741,21.15135883,105.531545,19.42228679,96.90459833,40,紅
198703,20.34669214,100.7888388,21.27502559,105.3887315,19.71625535,97.66715119,32,黃紅
198704,20.61910028,101.4323327,21.32494952,104.9058708,20.0126643,98.45022017,41,紅
198705,20.8555989,101.912857,21.33818451,104.2721816,20.30840914,99.24003261,39,紅
198706,21.04793614,102.1949611,21.34970546,103.6611723,20.58221426,99.93470223,38,紅
198707,21.17864054,102.1990702,21.3773719,103.1589683,20.80924981,100.4174298,34,黃紅
198708,21.21817063,101.7890189,21.42462636,102.7802279,20.9666682,100.5832681,36,黃紅
198709,21.21606439,101.2082802,21.46446704,102.393914,21.05010688,100.4172538,37,黃紅
198710,21.18504645,100.519629,21.49414871,101.9868025,21.08899144,100.0643865,31,綠
198711,21.16073189,99.89217093,21.52464276,101.6104599,21.10865536,99.646726,35,黃紅
198712,21.22204493,99.69486376,21.54480534,101.2113532,21.13242907,99.27412711,32,黃紅
198801,21.3954021,100.0442595,21.54868856,100.7611368,21.1982595,99.12253917,29,綠
198802,21.65039115,100.7907256,21.53896937,100.2719881,21.13120775,98.37370465,33,黃紅
198803,21.96373705,101.8207909,21.51280466,99.73016681,21.08656304,97.75417398,28,綠
198804,22.32145855,103.0660935,21.51876961,99.3594959,21.06349364,97.25733153,27,綠
198805,22.68059646,104.3262773,21.56045834,99.17343673,21.08514896,96.9871166,31,綠
198806,22.99580863,105.3931505,21.62200208,99.09624773,21.1549842,96.95584836,30,綠
198807,23.23422207,106.1183342,21.70652715,99.14018918,21.27826324,97.18418008,30,綠
198808,23.31522333,106.1378764,21.79666074,99.22416023,21.44705736,97.63267325,31,綠
198809,23.28936694,105.6873293,21.89717853,99.3687051,21.64717461,98.23419516,28,綠
198810,23.21455501,105.0320879,22.02097372,99.63088564,21.87202687,98.95699597,29,綠
198811,23.14755951,104.4290541,22.15962297,99.9709849,22.09201555,99.66598057,33,黃紅
198812,23.07672051,103.824292,22.2902094,100.2845809,22.28363037,100.2549816,32,黃紅
198901,23.0328384,103.354991,22.38288107,100.4372462,22.44946303,100.7360151,36,黃紅
198902,23.02884558,103.0769594,22.47840495,100.6119255,22.5695193,101.0197476,34,黃紅
198903,23.04610002,102.9045154,22.58093237,100.8261439,22.65579877,101.1604299,40,紅
198904,23.07956224,102.8134045,22.65069426,100.9015393,22.75831471,101.3809537,39,紅
198905,23.12800824,102.7965029,22.67096554,100.7636909,22.90695653,101.8125798,34,黃紅
198906,23.19667617,102.8753212,22.64761831,100.4388674,23.10953206,102.4873872,30,綠
198907,23.24999219,102.8904705,22.59404954,99.98622169,23.33430827,103.262114,32,黃紅
198908,23.21969282,102.5394387,22.49689518,99.34607925,23.5422575,103.9623895,27,綠
198909,23.15138018,102.0239089,22.36439715,98.55437754,23.73502983,104.5944174,24,綠
198910,23.09626007,101.5684455,22.22230672,97.7237052,23.89629696,105.085161,25,綠
198911,23.07224044,101.2496079,22.11889985,97.06457319,24.00429634,105.3382761,24,綠
198912,23.07983447,101.0671669,22.05242517,96.56670355,24.04491741,105.2917488,25,綠
199001,23.09919182,100.9319656,22.01521353,96.19411129,23.98443672,104.79851,23,綠
199002,23.07174839,100.5869328,22.01612893,95.98329084,23.81735096,103.8360436,27,綠
199003,22.92477155,99.71586648,22.04131587,95.87168364,23.57732901,102.5527805,21,黃藍 
199004,22.64370137,98.25829847,22.06619421,95.75088623,23.31290746,101.1606954,20,黃藍 
199005,22.2671349,96.38496308,22.11738311,95.73532004,23.01352456,99.6142775,17,黃藍 
199006,21.81526048,94.18595972,22.22097366,95.9361582,22.700982,98.00853166,14,藍
199007,21.33568355,91.86899376,22.36720979,96.30917367,22.40575804,96.47515549,17,黃藍 
199008,20.92268861,89.8403404,22.52223398,96.70719672,22.14376586,95.08210966,17,黃藍 
199009,20.63344362,88.34294429,22.6838152,97.12022597,21.9577024,94.01139094,18,黃藍 
199010,20.51824912,87.58749434,22.80920614,97.36557249,21.86535833,93.33657291,21,黃藍 
199011,20.58978546,87.62175678,22.89767372,97.44173058,21.90649753,93.22375087,20,黃藍 
199012,20.78731873,88.18110012,22.96478288,97.41659432,22.11768456,93.82320379,15,藍
199101,21.09835701,89.20796521,23.03978733,97.41528789,22.44256202,94.89013977,20,黃藍 
199102,21.51029526,90.64492155,23.15218635,97.5624931,22.75752236,95.89939301,19,黃藍 
199103,22.02421318,92.49270615,23.34705402,98.04672497,22.89700269,96.15671955,19,黃藍 
199104,22.59385007,94.55391034,23.62266886,98.85810959,22.90778562,95.86640676,20,黃藍 
199105,23.14128196,96.50189587,23.95723796,99.90321199,22.86014369,95.32825883,23,綠
199106,23.6346702,98.20629292,24.31373243,101.0266312,22.81053657,94.78066238,24,綠
199107,24.0680772,99.64600376,24.62065519,101.9325186,22.75300153,94.2002044,29,綠
199108,24.41809651,100.7282792,24.87004603,102.5914193,22.73416624,93.78070222,27,綠
199109,24.70431158,101.5384316,25.05084619,102.9615576,22.80882366,93.74661415,27,綠
199110,24.91391957,102.0278441,25.126505,102.8972818,22.99278935,94.15935586,30,綠
199111,25.05572767,102.2366409,25.13528912,102.5601732,23.28586494,95.01391966,30,綠
199112,25.14913226,102.2472267,25.10735444,102.0763012,23.66976023,96.2316273,28,綠
199201,25.22619523,102.1919196,25.06316932,101.5304582,24.06491286,97.48653884,29,綠
199202,25.28871322,102.0787729,25.03657248,101.0599858,24.36585874,98.3526535,29,綠
199203,25.3464427,101.9475625,25.05431689,100.7715922,24.6235214,99.03887897,28,綠
199204,25.39657044,101.7869726,25.11562208,100.6599792,24.85663247,99.62198426,28,綠
199205,25.41456193,101.4989747,25.13702782,100.3896064,25.0755041,100.1438994,24,綠
199206,25.38031048,101.0044478,25.1337613,100.0223047,25.26928069,100.5616176,25,綠
199207,25.28146595,100.2560817,25.10342498,99.54907743,25.43004415,100.8443046,25,綠
199208,25.13513319,99.32360251,25.05086658,98.98964844,25.57712658,101.0691889,25,綠
199209,24.99925932,98.43658692,24.96404548,98.29695921,25.72449537,101.291262,22,黃藍 
199210,24.91519262,97.75626327,24.90464816,97.71391485,25.88626032,101.565291,25,綠
199211,24.86949126,97.22737761,24.88166316,97.27397781,26.07373664,101.9343467,21,黃藍 
199212,24.85925381,96.83653641,24.92073901,97.07504559,26.25226897,102.2618232,24,綠
199301,24.92185256,96.72686805,25.0229759,97.11832957,26.38198271,102.3928609,19,黃藍 
199302,25.08746946,97.0116084,25.16085743,97.29435171,26.4267421,102.1893927,23,綠
199303,25.30595521,97.49279748,25.30529149,97.48916996,26.38643439,101.6542958,24,綠
199304,25.53808725,98.01731133,25.42612309,97.5864848,26.32813402,101.0484391,20,黃藍 
199305,25.72150936,98.34588914,25.55391599,97.70396953,26.29462586,100.5360323,20,黃藍 
199306,25.86003977,98.49503892,25.67958243,97.8065595,26.28182784,100.1003488,17,黃藍 
199307,25.98383974,98.58109197,25.81359678,97.9340121,26.28761179,99.73237411,21,黃藍 
199308,26.12026611,98.70808634,25.91204461,97.92000462,26.36538562,99.63315211,22,黃藍 
199309,26.27141633,98.88343093,25.97090611,97.75109751,26.52859196,99.8501542,23,綠
199310,26.4464232,99.14087103,26.04784317,97.64544045,26.75057378,100.2797637,24,綠
199311,26.65915674,99.53138721,26.16428,97.68250497,27.00824266,100.8333804,21,黃藍 
199312,26.90774948,100.0467127,26.34207303,97.94216754,27.26216827,101.3631634,27,綠
199401,27.15277436,100.5397428,26.57022776,98.3814321,27.47805351,101.7428334,32,黃紅
199402,27.37209645,100.9296873,26.82060726,98.89487649,27.62405783,101.8574173,29,綠
199403,27.58988687,101.3072602,27.07673406,99.42172536,27.65101976,101.5304167,26,綠
199404,27.8463297,101.8203131,27.32294957,99.90529082,27.6250529,101.0099198,30,綠
199405,28.17267768,102.5817515,27.53729955,100.2669668,27.60118859,100.4995953,30,綠
199406,28.5647227,103.5740243,27.68709174,100.3905545,27.5947964,100.0559011,32,黃紅
199407,28.98197586,104.6488621,27.83217146,100.4959215,27.6082805,99.68749987,30,綠
199408,29.37097153,105.6137786,28.02068867,100.7571949,27.83069076,100.0739977,33,黃紅
199409,29.69113293,106.3255835,28.27798619,101.2639032,28.05011139,100.44788,34,黃紅
199410,29.89336892,106.6129863,28.58228128,101.9359828,28.25414624,100.7657204,36,黃紅
199411,29.93401388,106.3266061,28.89320842,102.6285891,28.43744132,101.0097057,39,紅
199412,29.83571313,105.5538452,29.16759115,103.1891461,28.59632328,101.1681138,31,綠
199501,29.63748994,104.438171,29.39274806,103.5747957,28.71739268,101.1949639,30,綠
199502,29.41505161,103.2492973,29.57205719,103.7995159,28.83604267,101.2160652,34,黃紅
199503,29.17455975,102.0093476,29.60952136,103.5293764,28.98040456,101.3296762,30,綠
199504,28.92623637,100.7540449,29.5834678,103.0425135,29.15359082,101.5452041,29,綠
199505,28.68904614,99.54872546,29.49623463,102.3489109,29.35552584,101.8606658,28,綠
199506,28.44687363,98.33633305,29.34110146,101.4269048,29.57776607,102.2450118,25,綠
199507,28.16887816,97.00986072,29.13335013,100.3308018,29.79820277,102.6204527,23,綠
199508,27.86152107,95.59183943,28.91347671,99.20054516,29.97953533,102.8581335,21,黃藍 
199509,27.49908339,93.99448619,28.72399081,98.18087375,30.1092336,102.9157432,22,黃藍 
199510,27.10383051,92.29481593,28.59360702,97.36743403,30.22202669,102.9125562,15,藍
199511,26.73624086,90.69846184,28.50637813,96.70299821,30.33270882,102.8985118,13,藍
199512,26.4541337,89.39911311,28.46707551,96.20131157,30.43810146,102.8621743,16,藍
199601,26.30244906,88.54426308,28.49917177,95.93897571,30.52949639,102.7738152,18,黃藍 
199602,26.34056681,88.32760729,28.56474177,95.78562754,30.5676853,102.5020615,18,黃藍 
199603,26.59673151,88.83580393,28.6837215,95.80629203,30.50900838,101.9029196,13,藍
199604,27.02006565,89.89081957,28.83436329,95.9263939,30.33461096,100.91743,21,黃藍 
199605,27.55550033,91.30345635,29.02127048,96.15993686,30.06433252,99.61604952,15,藍
199606,28.13312198,92.83851498,29.2689226,96.58636373,29.7349453,98.12422142,17,黃藍 
199607,28.6980271,94.3139585,29.5408446,97.08354674,29.38754942,96.57975479,19,黃藍 
199608,29.22141755,95.63625203,29.84872052,97.68901481,29.049402,95.07300186,20,黃藍 
199609,29.71850643,96.85696086,30.18802144,98.38687772,28.75755125,93.72478033,24,綠
199610,30.19031954,97.98084999,30.5294889,99.08128016,28.54830036,92.65147396,22,黃藍 
199611,30.64890738,99.04831285,30.86362165,99.74185813,28.47585301,92.02531457,26,綠
199612,31.1318951,100.1814147,31.16681217,100.2934005,28.56260901,91.91319179,28,綠
199701,31.65450499,101.4283798,31.41272551,100.6532568,28.78923334,92.24701288,26,綠
199702,32.22361162,102.8099543,31.59021263,100.788649,29.07194069,92.75409631,24,綠
199703,32.76226683,104.0801937,31.71297619,100.7463085,29.2850581,93.03325808,31,綠
199704,33.18167739,104.9598511,31.79521991,100.5737314,29.50722049,93.33639694,24,綠
199705,33.49121197,105.4836131,31.87354503,100.3881012,29.79367497,93.83739569,24,綠
199706,33.71822478,105.7419622,31.96566688,100.2453089,30.17523102,94.63044733,28,綠
199707,33.87992667,105.7921242,32.11836791,100.2909794,30.64905041,95.70297256,30,綠
199708,33.96097748,105.5890873,32.31731014,100.4781215,31.2361372,97.11663423,26,綠
199709,33.9337139,105.0503992,32.57458203,100.8422548,31.93369288,98.85823218,31,綠
199710,33.77586269,104.1115711,32.81652038,101.1538498,32.71448502,100.8393354,26,綠
199711,33.52302985,102.8867995,32.99122015,101.2539751,33.52306874,102.8862816,28,綠
199712,33.20563574,101.4724173,33.05452022,101.0099999,34.29692898,104.8066276,29,綠
199801,32.82956305,99.8883983,33.00986199,100.4363633,34.9472474,106.3310848,23,綠
199802,32.42635824,98.23211406,32.9599455,99.84795324,35.36686169,107.139399,27,綠
199803,32.0060428,96.53436806,32.82383922,99.00036463,35.6554402,107.5407894,25,綠
199804,31.58573525,94.8468217,32.67653997,98.12177583,35.80699392,107.5219663,20,黃藍 
199805,31.19752644,93.26511282,32.58187051,97.40309212,35.83884503,107.1397765,19,黃藍 
199806,30.92521552,92.03721866,32.54759688,96.86513772,35.76634457,106.4444759,20,黃藍 
199807,30.8356915,91.35669913,32.59965922,96.58234726,35.62679108,105.5507692,16,藍
199808,30.91262244,91.16824958,32.7532226,96.59618483,35.4408313,104.5225116,22,黃藍 
199809,31.12942844,91.38753932,32.92238886,96.65081842,35.24554972,103.4709614,18,黃藍 
199810,31.46068778,91.93525901,33.0692933,96.6356463,35.07019902,102.4827267,16,藍
199811,31.95051968,92.93597778,33.2374833,96.67914952,34.91041001,101.545256,19,黃藍 
199812,32.62398932,94.45698552,33.45157937,96.85288864,34.75897257,100.6382049,14,藍
199901,33.46209838,96.43755369,33.74276898,97.24624974,34.59380306,99.69891961,18,黃藍 
199902,34.3440509,98.52629274,34.16642443,98.01656573,34.35942095,98.57023374,17,黃藍 
199903,35.2097621,100.5518816,34.61448765,98.85179186,34.09516205,97.36870576,16,藍
199904,35.9877279,102.3138689,35.00772,99.52762295,33.88670905,96.34056723,20,黃藍 
199905,36.66404057,103.7785367,35.31776589,99.96785303,33.81233586,95.70669426,22,黃藍 
199906,37.18937696,104.8129692,35.5323228,100.1428253,33.88693823,95.50554172,25,綠
199907,37.57142058,105.4464039,35.676653,100.1286999,34.0802707,95.64835575,24,綠
199908,37.88509426,105.8953238,35.79698284,100.0588131,34.37982298,96.09760404,23,綠
199909,38.20259565,106.3649546,35.98444959,100.1892811,34.77429603,96.81992528,19,黃藍 
199910,38.57266493,106.9922144,36.3814978,100.9146002,35.24093564,97.75092137,26,綠
199911,38.98592343,107.7514273,36.9049932,102.0002912,35.82758782,99.0224919,26,綠
199912,39.40587465,108.5426831,37.50004317,103.2934034,36.49085399,100.5136043,28,綠
200001,39.80978347,109.3051837,38.14027137,104.7215598,37.11149863,101.8968634,32,黃紅
200002,40.19100639,110.0227843,38.78985827,106.1875111,37.62449308,102.9973156,30,綠
200003,40.3361306,110.1147745,39.39172575,107.5370104,37.97899409,103.6803391,29,綠
200004,40.20380314,109.4744785,39.94588088,108.7725747,38.24760024,104.148159,28,綠
200005,39.83601295,108.2213841,40.39951072,109.7526518,38.49211576,104.5708649,29,綠
200006,39.30439261,106.5528838,40.71151951,110.3679924,38.75979991,105.0769254,27,綠
200007,38.67248295,104.6416656,40.84425416,110.51857,39.10236272,105.8052669,26,綠
200008,37.98750599,102.6141307,40.79167865,110.1893528,39.5139357,106.7378236,28,綠
200009,37.26884503,100.5200734,40.56876925,109.4209057,39.9761131,107.8224108,28,綠
200010,36.57652089,98.51795505,40.14782181,108.1375471,40.49962972,109.0851363,23,綠
200011,35.98091173,96.79296207,39.57578811,106.4639599,41.01664998,110.3400637,17,黃藍 
200012,35.51439654,95.4271972,38.94422581,104.6434615,41.43934305,111.3478625,16,藍
200101,35.14941188,94.3415433,38.27977864,102.7437616,41.68504192,111.8835626,10,藍
200102,34.76087347,93.19582918,37.60817822,100.8298288,41.70679214,111.8184637,10,藍
200103,34.3083396,91.87814755,36.89845385,98.81466844,41.55118692,111.2747644,10,藍
200104,33.82635077,90.47788615,36.19043295,96.80138195,41.2484827,110.3305433,9,藍
200105,33.3780081,89.16065576,35.53536649,94.92352719,40.81703751,109.0321433,9,藍
200106,33.0334398,88.11032376,34.9836009,93.3119962,40.27004276,107.4125585,9,藍
200107,32.90377982,87.61915056,34.54422635,91.98741855,39.62019486,105.504156,9,藍
200108,33.05294904,87.85193798,34.27947848,91.11183528,38.92079638,103.4480496,11,藍
200109,33.50067781,88.85465771,34.23343232,90.79799479,38.22618878,101.38806,9,藍
200110,34.25992124,90.65433205,34.44424874,91.14186084,37.60655977,99.5095542,9,藍
200111,35.26780406,93.07680712,34.81377895,91.87830464,37.10844463,97.93423993,10,藍
200112,36.38660775,95.75209571,35.33980839,92.99710875,36.75292742,96.71574762,15,藍
200201,37.45857019,98.26165421,36.00289629,94.44275734,36.5344077,95.83701747,15,藍
200202,38.38346081,100.3430123,36.7701104,96.12494536,36.38930132,95.12942884,15,藍
200203,39.08940557,101.8120129,37.53782087,97.77031727,36.31563388,94.58703154,20,黃藍 
200204,39.54552251,102.5946768,38.1894977,99.07619662,36.33115638,94.25504418,26,綠
200205,39.75363365,102.7038646,38.66958841,99.90270664,36.43480339,94.12914967,25,綠
200206,39.75853908,102.2638657,38.95666382,100.2008008,36.5699407,94.06188783,25,綠
200207,39.64644253,101.5036668,39.13223755,100.1866254,36.72310693,94.01875255,29,綠
200208,39.47201313,100.5682322,39.25809838,100.0226337,36.89083288,93.99126332,24,綠
200209,39.29984439,99.62516774,39.37483924,99.81468832,37.06976091,93.97134574,29,綠
200210,39.14065077,98.70290725,39.50675048,99.62551839,37.26827441,93.98067703,23,綠
200211,39.00152813,97.82018678,39.6358943,99.4106429,37.48374163,94.01283659,26,綠
200212,38.89543345,97.00991341,39.73283642,99.09789348,37.72740418,94.09613349,24,綠
200301,38.80979596,96.2409014,39.7712976,98.62464486,37.99733157,94.22557365,20,黃藍 
200302,38.76307911,95.55916083,39.72149536,97.92127428,38.31706891,94.45908772,22,黃藍 
200303,38.82938498,95.14595389,39.64003405,97.13176907,38.63285595,94.66383499,17,黃藍 
200304,39.09358253,95.20433406,39.62693006,96.5026465,38.88571325,94.69757646,14,藍
200305,39.68869187,96.04872455,39.78274183,96.27580775,39.06824069,94.54668675,14,藍
200306,40.58737312,97.5997855,40.19198068,96.6484913,39.15248743,94.14885201,20,黃藍 
200307,41.66977341,99.55889962,40.85295392,97.60684744,39.18092655,93.61199996,24,綠
200308,42.76977662,101.5252689,41.67408448,98.92390256,39.19167277,93.0312751,26,綠
200309,43.76574361,103.2135503,42.56203319,100.3743909,39.20866384,92.46611253,29,綠
200310,44.58306006,104.4562832,43.4471336,101.7944566,39.28825105,92.05040319,31,綠
200311,45.23379079,105.2923551,44.26989106,103.0482851,39.48060169,91.90011993,30,綠
200312,45.79375941,105.907181,44.96598773,103.9924636,39.82435401,92.1014503,34,黃紅
200401,46.32010027,106.4383833,45.46784606,104.4797049,40.31536803,92.63992289,35,黃紅
200402,46.72287947,106.6840883,45.77036075,104.5089113,40.9715924,93.55173182,34,黃紅
200403,46.9568943,106.5487247,45.96229362,104.2916848,41.74677069,94.72636606,36,黃紅
200404,47.04315993,106.0880635,46.11312657,103.9905486,42.5346642,95.92069318,37,黃紅
200405,47.02228844,105.4000488,46.22849245,103.6206267,43.27344301,96.99691783,39,紅
200406,46.92663121,104.5614982,46.31185004,103.1915547,43.9650114,97.96235468,36,黃紅
200407,46.78129475,103.6310474,46.36755432,102.7144686,44.61824028,98.83934804,35,黃紅
200408,46.61035982,102.663453,46.41230316,102.2272078,45.26340969,99.69666815,33,黃紅
200409,46.46103573,101.7626891,46.47525973,101.7938801,45.9291725,100.5977956,32,黃紅
200410,46.32675955,100.9131737,46.51883445,101.3316512,46.62751536,101.5683901,29,綠
200411,46.20608032,100.1106777,46.55198087,100.8602406,47.34643933,102.5815266,28,綠
200412,46.11855831,99.39631641,46.60127307,100.4368602,48.00035495,103.4522154,26,綠
200501,46.0720119,98.78518461,46.65690763,100.0395184,48.48777732,103.965182,23,綠
200502,46.08773872,98.32087741,46.75270283,99.7397557,48.71436441,103.9246613,23,綠
200503,46.21717985,98.11019571,46.8877126,99.53394226,48.77232169,103.5346188,22,黃藍 
200504,46.44639854,98.11987667,47.02228796,99.33685082,48.74065465,102.9669833,20,黃藍 
200505,46.78836721,98.37404677,47.16708275,99.17074258,48.67537727,102.3419942,18,黃藍 
200506,47.22898817,98.8399167,47.34114882,99.07512752,48.60950606,101.7295341,20,黃藍 
200507,47.71452965,99.40293408,47.61057643,99.18690251,48.58403154,101.2148972,19,黃藍 
200508,48.15868412,99.88322127,48.02237241,99.60108784,48.62999184,100.8613245,23,綠
200509,48.49362055,100.1423179,48.51927808,100.1959362,48.76896977,100.7115682,23,綠
200510,48.70846535,100.1612523,49.02137685,100.8053895,48.99184303,100.7446575,24,綠
200511,48.87095631,100.0822581,49.49223858,101.3553079,49.29250048,100.9462636,24,綠
200512,49.02145266,99.98929686,49.87917019,101.7395664,49.66029587,101.293124,27,綠
200601,49.23170372,100.0286991,50.16442587,101.9246195,50.04269743,101.6772904,28,綠
200602,49.5349588,100.266595,50.34590935,101.9089453,50.41131252,102.0413327,28,綠
200603,49.81708289,100.4709369,50.43103185,101.7100369,50.75059988,102.3545464,23,綠
200604,50.08079534,100.6478752,50.45395775,101.3987393,51.04499168,102.5865568,23,綠
200605,50.34556323,100.8369865,50.44532477,101.037735,51.26535453,102.6801855,24,綠
200606,50.61628726,101.0482433,50.42451175,100.6663419,51.39645914,102.6067155,21,黃藍 
200607,50.88162112,101.2592019,50.35377926,100.2097064,51.49329079,102.477463,21,黃藍 
200608,51.11660758,101.4207473,50.35808401,99.91671938,51.60241001,102.3856174,22,黃藍 
200609,51.34317339,101.5771433,50.40816848,99.72829467,51.77386757,102.4302147,22,黃藍 
200610,51.52910083,101.6653669,50.53236647,99.69979576,52.01869892,102.6323131,20,黃藍 
200611,51.71600082,101.7683896,50.72369213,99.81663869,52.31151727,102.9412411,21,黃藍 
200612,51.93313188,101.9441201,50.93841443,99.99243174,52.63546796,103.3237586,16,藍
200701,52.21368133,102.2576873,51.20006282,100.2734791,52.96119981,103.7226025,18,黃藍 
200702,52.57876341,102.7501683,51.51288234,100.6680904,53.23200093,104.0276458,19,黃藍 
200703,53.03028964,103.425014,51.89368861,101.2091487,53.36946211,104.0873751,23,綠
200704,53.57445307,104.2941646,52.34596847,101.9034643,53.43797117,104.0292987,18,黃藍 
200705,54.15606636,105.2503505,52.8854749,102.7817637,53.4790244,103.9353142,20,黃藍 
200706,54.69701823,106.1425948,53.45669073,103.7363777,53.51944862,103.8581637,25,綠
200707,55.1325348,106.8465326,54.07908373,104.805596,53.52047911,103.7230168,30,綠
200708,55.3877738,107.2186027,54.70016731,105.8881235,53.52231982,103.6080562,30,綠
200709,55.45612157,107.247244,55.31003387,106.965224,53.51477021,103.4933263,32,黃紅
200710,55.36068087,106.9776107,55.92933702,108.0768863,53.55710943,103.4928346,32,黃紅
200711,55.12195413,106.4488926,56.50689805,109.1237606,53.73554051,103.7718307,28,綠
200712,54.80684323,105.7889392,57.02337561,110.0675573,54.05901936,104.3457029,29,綠
200801,54.49570085,105.1505731,57.44866991,110.8485239,54.51767036,105.1930932,29,綠
200802,54.22505334,104.6012292,57.7028207,111.3099448,55.07576667,106.2423028,27,綠
200803,53.95061109,104.0518345,57.77854007,111.4344923,55.68775085,107.4020949,26,綠
200804,53.54306961,103.2488662,57.64382587,111.1563026,56.38943591,108.7374252,27,綠
200805,52.86760497,101.9277775,57.16552569,110.2137928,57.16107949,110.2052206,22,黃藍 
200806,51.84160904,99.92452514,56.22965935,108.3820732,57.92956176,111.6586171,20,黃藍 
200807,50.45118935,97.20773085,54.74413568,105.4787396,58.61469081,112.9363654,16,藍
200808,48.75193078,93.88051855,52.73748613,101.5548263,59.10008163,113.8070653,18,黃藍 
200809,46.82204362,90.09050257,50.09603132,96.38934054,59.25685307,114.0155984,12,藍
200810,44.90552922,86.30504017,46.94218855,90.21864181,58.95291288,113.3021679,12,藍
200811,43.39452843,83.27501354,43.73420477,83.92612405,58.08315606,111.4618223,11,藍
200812,42.6584151,81.70320356,41.17881782,78.86858284,56.57055753,108.3479308,9,藍
200901,42.94459738,82.05186899,39.78281833,76.01002981,54.55689579,104.2377451,9,藍
200902,44.08386108,83.98106918,39.64945228,75.53252879,52.36629253,99.75821279,10,藍
200903,45.80727219,86.96131283,40.4760539,76.83950395,50.25175187,95.39763179,10,藍
200904,47.80603618,90.39217239,42.04411829,79.49645661,48.38345714,91.48279374,11,藍
200905,49.83925435,93.80963646,44.06221138,82.93471986,46.86397747,88.20825649,12,藍
200906,51.76115737,96.93699811,46.32368859,86.75263595,45.74932694,85.67700081,17,黃藍 
200907,53.48513101,99.61511459,48.54478412,90.41251107,45.12690288,84.0468586,18,黃藍 
200908,55.00643602,101.8422182,50.57355023,93.63353776,45.0087502,83.33068359,18,黃藍 
200909,56.30044292,103.582209,52.40611131,96.41594107,45.32819317,83.39409836,20,黃藍 
200910,57.39638682,104.9002994,54.00876069,98.7074374,45.9658122,84.00799189,26,綠
200911,58.30690344,105.8314177,55.42526268,100.5995079,46.81163804,84.96536638,37,黃紅
200912,59.02158279,106.3691395,56.72868366,102.2353186,47.79236213,86.13045558,37,黃紅
201001,59.55060031,106.544856,57.91007423,103.6081542,48.85143111,87.40114178,38,紅
201002,59.96882018,106.5044344,58.99037393,104.7651512,49.93621135,88.6852275,38,紅
201003,60.33770138,106.3660067,59.90293858,105.5980219,51.0296772,89.95607059,39,紅
201004,60.64766499,106.1198286,60.66655163,106.1513182,52.14466089,91.24013713,39,紅
201005,60.91056065,105.7934291,61.31208829,106.4892837,53.28451791,92.54667884,37,黃紅
201006,61.18437663,105.4927702,61.88542036,106.699966,54.3856893,93.76927821,37,黃紅
201007,61.54746128,105.3552425,62.42620686,106.8579438,55.41415377,94.85507488,38,紅
201008,62.02461323,105.4229811,62.95457169,107.0021334,56.36561945,95.80307467,38,紅
201009,62.59262932,105.655669,63.52313875,107.2248785,57.25433986,96.6433611,37,黃紅
201010,63.16149783,105.9018591,64.12938992,107.5232388,58.10999947,97.43076236,34,黃紅
201011,63.71680696,106.1397672,64.75347018,107.8651842,59.00571928,98.29068251,32,黃紅
201012,64.18969793,106.2576593,65.30366424,108.1002291,59.98626417,99.29808645,34,黃紅
201101,64.53871941,106.1911665,65.67515175,108.0595874,61.04908611,100.4480215,34,黃紅
201102,64.75657875,105.9326934,65.85928117,107.735116,62.10803981,101.5986927,34,黃紅
201103,64.80564828,105.4247606,65.8345269,107.0970857,63.03768227,102.547286,31,綠
201104,64.68151904,104.6641502,65.62372656,106.1873487,63.85029669,103.3177186,29,綠
201105,64.43816487,103.7409551,65.29707872,105.1223214,64.55842161,103.9331511,27,綠
201106,64.0800968,102.663593,64.90426406,103.9825824,65.17162529,104.4109196,25,綠
201107,63.6169771,101.4480568,64.47267775,102.8112006,65.72130642,104.8023233,23,綠
201108,63.07255008,100.1320357,64.02821712,101.647811,66.21497319,105.1193893,20,黃藍 
201109,62.55700829,98.88897441,63.59686781,100.5313565,66.58614874,105.2566909,21,黃藍 
201110,62.22726757,97.96289898,63.25160015,99.57407393,66.84023494,105.223496,19,黃藍 
201111,62.21507594,97.55459778,63.0338279,98.83701019,67.00015265,105.0562054,16,藍
201112,62.56324096,97.72316369,62.97745134,98.36874326,67.07062255,104.7621444,14,藍
201201,63.21442034,98.37139372,63.11461653,98.21466228,67.03929864,104.3219849,13,藍
201202,63.81503728,98.94461375,63.41462893,98.32235135,66.94326284,103.7933852,15,藍
201203,64.20691013,99.19823926,63.87192312,98.67924398,66.86603267,103.3050084,14,藍
201204,64.40118897,99.1518589,64.25429862,98.92424642,66.81578881,102.8678501,14,藍
201205,64.44904649,98.88618645,64.51366136,98.98385722,66.77177623,102.448502,15,藍
201206,64.42754449,98.52044652,64.6447507,98.85111565,66.72427579,102.0310084,15,藍
201207,64.38468549,98.12803188,64.76406796,98.70476555,66.69710732,101.6508467,16,藍
201208,64.37006973,97.7838683,64.86382597,98.53244691,66.79703758,101.4691234,15,藍
201209,64.46229011,97.60588424,64.95969445,98.35755001,66.98177948,101.4192536,20,黃藍 
201210,64.68384004,97.62589817,65.07444696,98.21395212,67.22008601,101.4522692,19,黃藍 
201211,65.1004966,97.94052437,65.22887299,98.13218194,67.50667876,101.5589781,21,黃藍 
201212,65.69055782,98.51404834,65.49134284,98.21381573,67.8287253,101.7190615,22,黃藍 
201301,66.37204399,99.2211983,65.91040323,98.52960574,68.11528519,101.8256886,19,黃藍 
201302,67.07947724,99.96298156,66.35794765,98.8862759,68.36423456,101.8760344,20,黃藍 
201303,67.73077595,100.6170979,66.8397432,99.29196633,68.48736485,101.7395459,18,黃藍 
201304,68.25460138,101.0788052,67.33588336,99.7168167,68.51247319,101.459213,17,黃藍 
201305,68.61346434,101.2947567,67.78664609,100.0726813,68.44581963,101.0458119,19,黃藍 
201306,68.84388537,101.3212994,68.10618062,100.2341668,68.35780978,100.6044979,23,綠
201307,69.00749529,101.2510251,68.24726639,100.1341989,68.33598967,100.2643761,20,黃藍 
201308,69.15083832,101.1534072,68.33340746,99.95632469,68.45012542,100.1270567,20,黃藍 
201309,69.40115737,101.2148417,68.42912851,99.79591691,68.64004856,100.1035192,20,黃藍 
201310,69.81824212,101.521494,68.5932615,99.73899078,68.84809403,100.1095336,21,黃藍 
201311,70.38858446,102.0523436,68.8562256,99.82941991,69.02453927,100.0734451,21,黃藍 
201312,71.07388427,102.7508831,69.20002534,100.040652,69.18143638,100.0137785,24,綠
201401,71.82019118,103.5387887,69.60512908,100.3442946,69.34374017,99.96747053,22,黃藍 
201402,72.44098037,104.1480864,70.11918651,100.8089144,69.5566883,100.0002222,25,綠
201403,72.88815211,104.5121951,70.69741164,101.3698524,69.8086424,100.095486,25,綠
201404,73.15162175,104.6195022,71.31675605,101.9942571,70.07681072,100.2209389,29,綠
201405,73.22709417,104.4666001,71.89407407,102.5638649,70.33828759,100.3443847,24,綠
201406,73.14279697,104.0961668,72.39625382,103.0326955,70.55435597,100.4113485,26,綠
201407,72.984096,103.6313315,72.81173569,103.3856328,70.77708945,100.4966316,27,綠
201408,72.73252054,103.0467201,73.13815719,103.6204972,70.99938335,100.5903305,29,綠
201409,72.44525258,102.4238671,73.34082395,103.6891476,71.24450478,100.7253747,27,綠
201410,72.21954588,101.8999007,73.45766216,103.6459997,71.58998135,101.0107723,24,綠
201411,72.13150189,101.5808581,73.50186899,103.5098948,72.00774953,101.405783,25,綠
201412,72.16914003,101.4480015,73.46519521,103.2690849,72.47331987,101.8748184,22,黃藍 
201501,72.24899946,101.3822835,73.364651,102.9470608,72.98529179,102.4147347,23,綠
201502,72.29504281,101.2757042,73.15290716,102.4767486,73.48654816,102.9441318,24,綠
201503,72.25416571,101.052846,72.81713455,101.8395245,73.84144636,103.2720916,22,黃藍 
201504,72.15799234,100.7568822,72.40230168,101.0973774,74.10032349,103.4683732,16,藍
201505,72.03182112,100.4217338,71.92717658,100.2752343,74.25640597,103.5224634,18,黃藍 
201506,71.87962589,100.0513424,71.41845646,99.40884669,74.3367038,103.4708163,16,藍
201507,71.67949278,99.61363939,70.91361353,98.54873944,74.33597601,103.304801,14,藍
201508,71.48417305,99.18042281,70.42492217,97.71024775,74.23080378,102.9906744,14,藍
201509,71.33367679,98.80550136,70.03535594,97.00668062,74.03815899,102.5510036,14,藍
201510,71.26945365,98.54447457,69.78629421,96.49323778,73.81745291,102.0671053,15,藍
201511,71.28248474,98.38307209,69.58698049,96.0425186,73.6006945,101.5821641,15,藍
201512,71.39444389,98.34959817,69.49277214,95.72952663,73.36111249,101.0583454,14,藍
201601,71.592988,98.42556966,69.5545371,95.6227237,73.06164645,100.4442546,14,藍
201602,71.86714224,98.59472739,69.81321721,95.7765642,72.65143419,99.67030642,16,藍
201603,72.19842008,98.83086753,70.33161291,96.27507354,72.19102874,98.82037839,16,藍
201604,72.55629199,99.091767,71.10264329,97.10613778,71.71592979,97.94371401,17,黃藍 
201605,72.97460514,99.42349224,71.98053167,98.06879055,71.28894178,97.12654433,20,黃藍 
201606,73.44048546,99.80831528,72.88261679,99.0498251,70.93015785,96.39637048,20,黃藍 
201607,73.94486293,100.2339397,73.77522975,100.0036813,70.67830506,95.80574286,23,綠
201608,74.46164079,100.6652425,74.60433529,100.857844,70.62338328,95.47598197,25,綠
201609,74.97057998,101.0754103,75.3868299,101.6362986,70.74074186,95.37245663,23,綠
201610,75.43227371,101.412169,76.09929381,102.3086276,71.04508871,95.51370529,24,綠
201611,75.81643939,101.636059,76.53241118,102.5955747,71.53950813,95.90233515,26,綠
201612,76.16372921,101.8028665,76.64194948,102.4417971,72.20233011,96.50767628,28,綠
201701,76.5077239,101.9582551,76.44246723,101.8710268,72.98907587,97.26886603,29,綠
201702,76.80332362,102.0427473,76.09631342,101.1031425,73.85654066,98.12733391,28,綠
201703,77.06388143,102.0749737,75.85040916,100.467424,74.68946816,98.92970322,24,綠
201704,77.27502621,102.0367304,75.82462546,100.1213323,75.3752508,99.52796315,21,黃藍 
201705,77.49558164,102.0064124,76.07897087,100.1415169,75.80106536,99.77571434,20,黃藍 
201706,77.73253155,101.9934435,76.59924538,100.5062269,75.94858124,99.65248743,22,黃藍 
201707,77.95944195,101.9634379,77.2547676,101.0415741,76.07068443,99.49291071,22,黃藍 
201708,78.18078113,101.9227378,77.95293395,101.625485,76.22624774,99.37444304,25,綠
201709,78.39350169,101.8678131,78.59178993,102.1252684,76.47847553,99.37914437,28,綠
201710,78.63133077,101.8427573,79.08909201,102.4354412,76.87241108,99.56441706,23,綠
201711,78.872787,101.8197384,79.49034613,102.616765,77.35013462,99.85389384,23,綠
201712,79.07451641,101.7430513,79.77956061,102.6500114,77.90105659,100.2329956,22,黃藍 
201801,79.23641887,101.6130943,79.97442792,102.5593194,78.54883921,100.7311424,20,黃藍 
201802,79.45306764,101.5511633,80.18139696,102.4818597,79.17630898,101.1972315,24,綠
201803,79.76667478,101.6101276,80.40788721,102.4267265,79.70682065,101.5336804,23,綠
201804,80.150379,101.7543299,80.62356769,102.3548541,80.22586166,101.8499503,26,綠
201805,80.47491713,101.8189033,80.85772754,102.3030284,80.70265536,102.1068276,29,綠
201806,80.63251176,101.6682079,81.03367847,102.1738064,81.11355329,102.2745191,22,黃藍 
201807,80.62094228,101.3010384,81.12592684,101.9353183,81.47994868,102.3801493,26,綠
201808,80.45317121,100.7351943,81.14172412,101.5970758,81.7655055,102.3781088,24,綠
201809,80.19777673,100.0576167,81.04461192,101.1138867,82.03628999,102.3511364,22,黃藍 
201810,79.94055456,99.37542658,80.80983168,100.455747,82.41738106,102.4541125,22,黃藍 
201811,79.8449491,98.89037293,80.4999194,99.70125877,82.96721178,102.757065,17,黃藍 
201812,80.01461374,98.72742108,80.19631705,98.95128023,83.61053048,103.1639524,16,藍
201901,80.50257509,98.94734174,79.9723866,98.29531191,84.26648078,103.5732503,20,黃藍 
201902,81.26048241,99.48573993,79.88781364,97.80481457,84.80166919,103.820735,17,黃藍 
201903,82.05953736,100.0591147,80.03702268,97.59254508,85.17848903,103.8617536,20,黃藍 
201904,82.73677987,100.4685337,80.37432305,97.59931523,85.46741835,103.7839099,21,黃藍 
201905,83.24208548,100.6550069,80.84969821,97.76168805,85.69077341,103.6154104,18,黃藍 
201906,83.62235762,100.6776569,81.39286586,97.99293315,85.80382008,103.3035011,21,黃藍 
201907,83.91166705,100.5794785,81.9233015,98.19561015,85.863356,102.9182721,22,黃藍 
201908,84.15623359,100.417421,82.43883312,98.36760201,85.85110512,102.4391906,20,黃藍 
201909,84.35526477,100.1917297,82.91147464,98.47629166,85.8136101,101.9232396,19,黃藍 
201910,84.40950834,99.78637922,83.34701713,98.52971437,85.75298787,101.3739627,19,黃藍 
201911,84.26345997,99.13915029,83.69371398,98.46818493,85.71629859,100.8478169,24,綠
201912,83.86688956,98.19539509,83.83529172,98.15774879,85.73113299,100.3774764,27,綠
202001,83.29787511,97.05126141,83.6881331,97.50529906,85.78790396,99.95174849,25,綠
202002,82.74063076,95.92430972,83.30449255,96.57735929,85.85729767,99.53690169,24,綠
202003,82.50395139,95.1717074,82.87867057,95.60330893,85.86854567,99.05222952,20,黃藍 
202004,83.00800856,95.27146935,82.60688603,94.8104399,85.84136844,98.5227539,19,黃藍 
202005,84.28738673,96.25180918,82.76528674,94.51301151,85.82063706,98.00203899,19,黃藍 
202006,86.07197798,97.79439095,83.46444796,94.83110089,85.80240504,97.48745398,19,黃藍 
202007,88.02255274,99.50952447,84.66187058,95.7096457,85.75897963,96.94991971,21,黃藍 
202008,89.9421483,101.1758352,86.21056648,96.97756228,85.69814004,96.40113796,26,綠
202009,91.66597522,102.612802,87.9398715,98.44111158,85.68122732,95.91275396,27,綠
202010,93.10659095,103.7298842,89.72294784,99.95957161,85.7621835,95.54691781,28,綠
202011,94.17879884,104.4408261,91.46125087,101.426577,85.9524434,95.31754744,30,綠
202012,94.84615647,104.7145876,93.01929068,102.6970717,86.25230227,95.22604191,34,黃紅
202101,95.18443715,104.643579,94.34253698,103.7174643,86.64761271,95.25788645,37,黃紅
202102,95.30458446,104.3565528,95.38395432,104.4429373,87.07825608,95.34841482,40,紅
202103,95.25886994,103.9155854,96.1178719,104.8521547,87.49795636,95.4489428,40,紅
202104,95.14152392,103.4268411,96.63942385,105.0547208,87.87778419,95.53012333,41,紅
202105,95.1026723,103.0550842,97.00565516,105.1167629,88.23297056,95.61055214,41,紅
202106,95.42000763,103.100558,97.33991123,105.1746034,88.75681559,95.90067182,40,紅
202107,96.20405311,103.6801042,97.87477277,105.4802965,89.59292081,96.55488929,38,紅
202108,97.13321466,104.4452919,98.653589,106.0797951,90.59453413,97.41409017,39,紅
202109,97.96300143,105.1337932,99.61714129,106.9087289,91.49637144,98.19355023,38,紅
202110,98.52896442,105.5706942,100.6121117,107.8024752,92.16455418,98.75120298,39,紅
202111,98.65888343,105.57306,101.4648932,108.5755154,92.59119487,99.07995156,37,黃紅
202112,98.45368555,105.2496722,102.0993893,109.1468687,92.87506228,99.28582631,38,紅
202201,98.03408846,104.7287881,102.4649839,109.4621531,93.12081449,99.47988539,36,黃紅
202202,97.50133806,104.1165108,102.5362173,109.4929253,93.51874513,99.86365052,34,黃紅
202203,96.88516171,103.4416336,102.2357917,109.1543372,94.08732257,100.4544412,31,綠
202204,96.07964784,102.5874721,101.6291318,108.512874,94.67047992,101.0828852,28,綠
202205,95.11561401,101.5827182,100.7215448,107.5698868,95.17665831,101.6479878,28,綠
202206,94.13918307,100.578765,99.61024549,106.4242006,95.54822783,102.0843159,27,綠
202207,93.33408302,99.76715135,98.27543322,105.0492549,95.81701955,102.4213904,24,綠
202208,92.75838794,99.20531608,96.71969411,103.4421539,96.00434728,102.6770873,23,綠
202209,92.38649991,98.86127018,95.06529562,101.7280554,96.12600452,102.8631053,17,黃藍 
202210,92.26195784,98.77695607,93.42215424,100.0193645,96.28008289,103.0791121,18,黃藍 
202211,92.42131631,98.98687349,91.83300019,98.35708245,96.53111174,103.3889615,12,藍
202212,92.80240137,99.41970902,90.43722809,96.88623557,96.83918571,103.7447117,12,藍
202301,93.30714971,99.96552899,89.26164585,95.63171684,97.16523888,104.0993421,11,藍
202302,93.62265218,100.2842443,88.35681041,94.6441241,97.54692998,104.4881963,10,藍
202303,93.66027916,100.276593,87.75740937,93.95716673,97.84786625,104.7604795,11,藍
202304,93.48982433,100.013834,87.49394619,93.60000278,97.96414496,104.8008993,11,藍
202305,93.25065662,99.64228808,87.56055548,93.56265693,97.83855316,104.5451909,12,藍
202306,93.05377498,99.27808978,87.94857496,93.83191466,97.47308638,103.9935704,13,藍
202307,92.94607981,98.96888053,88.59460347,94.33596638,96.94143994,103.2237186,15,藍
202308,92.89218147,98.6747826,89.2896204,94.84851394,96.4316432,102.4351768,15,藍
202309,92.96181282,98.4678858,89.98115797,95.31126086,96.07642557,101.7675863,17,黃藍 
202310,93.28700579,98.48531472,90.54706486,95.59327974,95.96020351,101.3080942,16,藍
202311,93.8675152,98.72295896,91.00467682,95.71263046,96.15366104,101.1279876,20,黃藍 
202312,94.64427943,99.11468965,91.4793676,95.80088605,96.58208278,101.1446553,22,黃藍 
202401,95.52823467,99.56384555,92.03930512,95.92812461,97.15537474,101.260357,27,綠
202402,96.50478358,100.0526597,92.74701116,96.15733272,97.88508927,101.4843387,29,綠
202403,97.60365972,100.6094208,93.63514112,96.51927625,98.71969927,101.7604482,31,綠
202404,98.82341436,101.2297735,94.64160857,96.94671389,99.5904566,102.0160968,35,黃紅
202405,100.0596486,101.8046475,95.68716352,97.35646239,100.4232358,102.1751572,36,黃紅
202406,101.1828452,102.2026823,96.70312235,97.67833618,101.18727,102.2077047,38,紅
202407,102.1272585,102.3607645,97.61943234,97.84312767,101.8692058,102.1026395,35,黃紅
202408,102.8175978,102.2090603,98.44402686,97.86183208,102.4801373,101.8740731,39,紅
202409,103.4293192,101.9281664,99.17694697,97.73792463,103.0699129,101.574405,34,黃紅
202410,104.0699686,101.6269285,99.9677424,97.62136396,103.6621907,101.2290986,32,黃紅
202411,104.8399016,101.4036649,100.9773992,97.66806672,104.3064493,100.8880139,34,黃紅
202412,105.6841211,101.2042665,102.213133,97.88065648,104.9413001,100.4931856,38,紅
202501,106.5658995,100.9941343,103.7059811,98.28392586,105.5061809,99.9900059,35,黃紅
202502,107.2265077,100.5321321,105.498012,98.91165831,106.0081579,99.38995529,37,黃紅
202503,107.7043694,99.86352036,107.4502984,99.62797639,106.4389352,98.69023994,35,黃紅
202504,108.2758124,99.25041331,109.4042782,100.284763,106.9248967,98.01205308,33,黃紅
202505,109.0806398,98.81964682,111.0972539,100.6464224,107.6767279,97.54766254,31,綠
202506,110.1275674,98.57458998,112.4788331,100.6789645,108.7475166,97.33909096,29,綠
202507,111.4651273,98.55328041,113.7433199,100.5672482,110.0948074,97.34138081,29,綠
202508,113.138856,98.78889874,115.0913477,100.4933251,111.5001897,97.35766441,31,綠
202509,115.0687888,99.20435643,116.6171099,100.538691,112.9115508,97.34403063,34,黃紅
202510,117.1804539,99.73076765,118.4459022,100.8071502,114.3366674,97.30985533,35,黃紅
202511,119.3682823,100.2764482,120.5947138,101.3059922,115.7806028,97.26188219,37,黃紅
202512,121.5523605,100.7756578,122.9912692,101.9677743,117.3667145,97.30465201,38,紅
202601,123.6261692,101.1443536,125.6800905,102.8238047,119.2503636,97.56339329,39,紅
202602,125.5967032,101.3946378,128.5048741,103.7413368,121.5755996,98.14736841,41,紅
202603,127.8289504,101.8232329,131.3448686,104.6226689,124.47256,99.14853597,39,紅
202604,130.3698794,102.4610898,134.0222918,105.3302959,127.868395,100.4938485,40,紅
202605,133.0306268,103.154218,136.6330172,105.9461306,131.4928688,101.960426,39,紅
202606,135.7943463,103.8879886,139.1109671,106.4237691,135.128341,103.376949,41,紅
202607,138.6250095,104.6337283,141.5038118,106.8049538,138.836105,104.7914087,41,紅
