"Date","貨幣總計數M1B(百萬元)","股價指數(Index1966=100)","工業生產指數(Index2021=100)","工業及服務業加班工時(小時)","海關出口值(十億元)","機械及電機設備進口值(十億元)","製造業銷售量指數(Index2021=100)","批發、零售及餐飲業營業額(十億元)"
198201,466246,536.75,,9.9,65.56,,12.32,
198202,451067,528.42,,10.1,57.99,,12.82,
198203,437405,497.18,,10.5,70.61,,14.63,
198204,431695,481.75,,10.2,71.81,,14.3,
198205,435767,474.34,,10.2,76.04,,14.56,
198206,445140,458.59,,10.2,72.64,,14.03,
198207,461848,457.95,,9.9,78.69,,14.28,
198208,466361,436.87,,10.4,78.72,,13.78,
198209,468204,465.26,,10,72.26,,14.11,
198210,475246,472.23,,10.7,69.28,,13.81,
198211,477222,473.48,,10.5,71.17,,13.72,
198212,482837,443.63,,10.9,83.07,,15.51,
198301,501701,448.27,,9.8,66.63,,14.73,
198302,544781,465.35,,8.6,62.68,,11.94,
198303,519458,559.46,,10.9,71.38,,15.4,
198304,518576,675.14,,10.5,83.61,,15.65,
198305,528494,677.66,,11.3,85.96,,16.08,
198306,538489,695.35,,11.3,88.82,,16.05,
198307,558064,743.54,,11.1,93.15,,16.16,
198308,553147,709.07,,11.2,96.42,,16.45,
198309,561411,728.65,,10.9,86.84,,16.13,
198310,562344,709.98,,11.7,85.9,,15.87,
198311,563345,712.13,,10.8,94.73,,16.75,
198312,575086,726.81,,11.3,92.66,,17.48,
198401,614553,793.31,,12.5,94.91,,18.06,
198402,627656,864.46,,11.2,76.52,,13.81,
198403,601495,882.35,,12.7,99.2,,18.24,
198404,596948,899.8,,12.7,103.59,,17.89,
198405,603302,932,,13.1,114.16,,18.76,
198406,616527,900.45,,12.5,107.75,,18.22,
198407,625033,889.94,,11.8,115.71,,18.22,
198408,625584,908.23,,11.1,108.61,,18.33,
198409,632139,877.71,,10.8,94.58,,17.05,
198410,627613,858.23,,11.4,103.97,,17.2,
198411,629929,816.57,,10.8,97.29,,17.68,
198412,638882,847.06,,11.1,93.29,,18.65,
198501,655524,823.26,,10.5,108.04,,17.78,
198502,705514,786.04,,8.2,82.78,,15.18,
198503,671844,793.33,,9.6,88.24,,18.25,
198504,655432,756.83,,10,106.64,,18.43,
198505,651254,734.23,,9.9,105.29,,18.87,
198506,652176,709.82,,9.9,105.65,,17.8,
198507,667292,669.79,,9.2,110.77,,18.25,
198508,665514,656.62,,8.7,100.73,,17.88,
198509,673934,699.75,,9.3,103.29,,17.47,
198510,685835,738.97,,9.8,105,,18.07,
198511,696199,771.13,,9.6,106.48,,18.19,
198512,711278,807.7,,10.2,103.82,,20.12,
198601,752285,856.16,,11.8,123.44,,20.21,
198602,809278,923.35,,9.5,90.19,,15.39,
198603,794080,961.12,,12.1,116.85,,23.12,
198604,808363,910.39,,12.1,122.01,,19.32,
198605,825326,915.33,,12.5,120.67,,20.45,
198606,853772,972.41,,12.9,127.99,,20.37,
198607,887807,976.58,,11.8,136.75,,21.15,
198608,924508,892.29,,11.3,136.98,,21.17,
198609,959490,922.18,,11.6,118.69,,20.73,
198610,993674,984.91,,12.2,141.75,,21.76,
198611,1026761,1009.96,,12,140.3,,21.24,
198612,1073740,1012.21,,12.5,134.02,,23.71,
198701,1158747,1113.63,,12,118.71,,21.68,
198702,1185403,1216.03,,10.3,135.23,,19.58,
198703,1189298,1312.28,,12.2,142.57,,23.43,
198704,1224741,1599.61,,12.1,150.55,,23.65,
198705,1255199,1814.28,,12,144.16,,23.77,
198706,1282249,1735.67,,11.7,155.91,,23.78,
198707,1316199,1858.05,,11.4,138.76,,23.77,
198708,1325474,2451.5,,11.4,151.63,,23.9,
198709,1358285,3567.25,,11.3,154.34,,23.32,
198710,1408758,3590.11,,12,128.26,,23.22,
198711,1455904,2713.66,,11.6,154.97,,23.04,
198712,1519513,2648.33,,11.5,134.91,,25.23,
198801,1548616,2610.83,,11.4,140.14,29.93,23.72,
198802,1603637,3206.85,,8.8,122.99,25.45,20.38,
198803,1580514,3345.91,,10.4,129.85,32.48,24.65,
198804,1598903,3767.78,,10.5,138.18,31.93,24.56,
198805,1649192,4441.56,,10.4,154.45,31.4,24.96,
198806,1694748,4951.33,,10.3,151.61,32.33,24.79,
198807,1719904,5422.07,,10.3,150.41,34.04,24.65,
198808,1727320,7352.13,,10.2,163.58,35.55,24.89,
198809,1767807,8039.07,,10.3,129.29,26.68,24.15,
198810,1780170,6580.92,,11,156.54,33.73,23.86,
198811,1845344,6851.97,,10.9,154.64,35.83,24.67,
198812,1886373,5856.62,,10.6,143.45,33.2,26.72,
198901,1963114,5716.92,,10.3,149.82,34.78,25.6,
198902,2032137,6679.85,,8.2,113.42,26.68,19.99,
198903,2034608,7318.04,,10.1,152.27,33.41,27.87,
198904,2016064,7785.28,,10.4,152.71,35.63,26.53,
198905,1854583,8795.43,,9.9,163.39,34.66,27.08,
198906,1816600,9497.42,,9.9,136.7,32.34,27.12,
198907,1844620,8619.62,,10.1,165.45,35.54,26.52,
198908,1867491,9731.62,,10,153.2,32.71,27.06,
198909,1893902,10402.75,,9.8,135.15,31.2,25.32,
198910,1907374,10066.97,,10.4,146.52,33.7,25.44,
198911,1917357,10121.37,,9.8,142.87,34.02,26.37,
198912,1980253,8658.43,,9.6,139.73,31.49,27,
199001,2117923,10677.57,,9,129.29,25.4,23.2,
199002,2101585,11983.46,,8.3,131.91,43.11,23.3,
199003,1965843,11223.1,,9.8,138.25,36.9,27.83,
199004,1861746,9741.52,,9.2,150.73,39.68,26.14,
199005,1844389,7848.01,,9.2,148.98,34.98,26.76,
199006,1845297,6157.25,,9.3,144.67,36.59,26.88,
199007,1808683,5037.66,,9.9,169.98,42.51,26.75,
199008,1772144,4119.74,,9.4,157.51,34.44,27.62,
199009,1757147,3237.57,,9.7,152.78,32.62,26.22,
199010,1752143,2912.16,,10.4,169.31,39.55,26.66,
199011,1799589,3966.22,,9.7,166.03,37.88,27.48,
199012,1853816,4399.58,,10,149.01,37.52,27.86,
199101,1914041,3938.06,,9.6,169.33,42.24,26.46,
199102,2044902,4643.07,,8,133.25,32.53,21.26,
199103,1965328,4781.39,,9.2,155.43,40.05,27.38,
199104,1953449,5605.66,,10,154.46,46.32,27.78,
199105,1944926,5993,,9.7,185.92,42.8,29.19,
199106,1973682,5869.78,,9.8,187.79,42.34,28.15,
199107,2006136,5259.56,,9.7,193,47.2,29.29,
199108,1970661,4779.64,,9.4,165.83,38.87,30.15,
199109,1966523,4669.08,,9.6,185.65,40.87,29.67,
199110,1987431,4541.45,,10.2,176.14,43.14,30.55,
199111,2005034,4448.69,,9.6,184.03,41.95,31.27,
199112,2067124,4438.66,,9.9,160.23,41.15,31.75,
199201,2212803,5023.19,,9.5,177.83,46.68,30.92,
199202,2312909,5031.01,,7.9,130.99,35.32,23.54,
199203,2259316,4908.19,,9.4,175.84,44.32,30.49,
199204,2284729,4529.4,,9.7,178.55,46.44,30.75,
199205,2292186,4476.85,,9.7,176.3,47.74,30.81,
199206,2318620,4588.46,,9.3,171.42,51.45,30.78,
199207,2353480,4234.61,,9.2,171.16,50.85,30.91,
199208,2293810,3918.12,,8.9,183.56,48.87,30.31,
199209,2279985,3632.69,,8.9,164.53,43.23,29.35,
199210,2266861,3666.43,,9.6,178.82,49.21,30.61,
199211,2277818,3615.86,,9.5,191.64,52.01,30.49,
199212,2322009,3633.84,,9.5,163.73,47.13,32.17,
199301,2484377,3274.3,,8.4,162.04,43.2,25.73,
199302,2435291,3845.05,,8.3,163.67,51.71,29.15,
199303,2448818,4597.58,,8.7,193.28,54.39,32.33,
199304,2445389,4655.46,,9.3,181.72,53.28,32.02,
199305,2417351,4450.42,,9.2,209.02,55.01,31.72,
199306,2449209,4196.41,,8.9,184.78,51.38,31.34,
199307,2479522,3990.84,,9.2,192.76,55.9,32.5,
199308,2454415,4032.65,,9.3,207.25,55.81,32.01,
199309,2453256,3862.09,,9.2,174.83,51.76,31.27,
199310,2483863,3970.51,,9.9,201.86,55.7,31.75,
199311,2531709,4251.8,,10.1,203.68,54.56,31.21,
199312,2649344,5089.2,,10,186.94,54.37,33.84,
199401,2813922,6057.62,,10.1,197.67,63.6,32.05,
199402,2931838,5911.42,,8.2,153.24,46.6,25.97,
199403,2805022,5375.18,,9.7,191.63,58.2,34.61,
199404,2786332,5638.35,,10.2,201.47,60.99,34.33,
199405,2817011,5921.86,,10.2,227.68,62.51,34.32,
199406,2877271,6001.12,,10,196.88,58.34,34.71,
199407,2969066,6406.4,,10.3,211.52,62.53,34.08,
199408,2943171,6804.23,,10.1,214.01,59.95,33.67,
199409,2934716,6973.92,,10.4,201.22,55.05,34.41,
199410,2943694,6701.06,,11.2,232.15,64.24,34.52,
199411,2934485,6372.64,,10.8,249.01,71.25,35.93,
199412,3013751,6843.97,,10.9,212.57,60.07,36.82,
199501,3155430,6586.36,,10.7,196.69,63.37,34.86,
199502,3162787,6546.57,,9.1,226.19,67.38,29.25,
199503,3066668,6485.45,,10.2,239.61,71.9,38.04,
199504,3016614,6188.97,,10.4,248.99,79.86,35.09,
199505,2969034,5709.61,,10.2,257.95,77.76,37.24,
199506,2987275,5510.12,,9.7,224.43,78.24,35.86,
199507,3035364,5343.43,,9.2,268.06,88.68,34.9,
199508,3025048,4794.88,,8.8,270.16,86,35.33,
199509,3003864,5019.12,,9,242.42,73.8,35.08,
199510,2991929,5041.51,,10,288.56,87.8,34.81,
199511,2975964,4701.58,,9.5,274.3,90.73,35.75,
199512,3036011,4988.83,,9.6,256.83,79.8,35.35,
199601,3076051,4942.99,29.62,9.4,295.95,100.04,35.27,
199602,3202157,4790.21,24.8,7.8,209.77,69.57,29.56,
199603,3129801,4897.05,29.68,9.1,250.47,81.03,36,
199604,3130426,5846.37,29.68,9.5,277.45,90.84,36.29,
199605,3096622,5986.38,30.88,9.4,262.62,71.44,37.48,
199606,3151967,6264.34,30.03,9.1,270.96,80.82,35.98,
199607,3209363,6205.34,30.71,9.2,264.89,80.56,36.1,
199608,3157648,6234.74,30.86,9.6,270.51,81.82,36.89,
199609,3144863,6429.08,30.09,9.7,273.16,74.92,35.93,
199610,3156026,6525.7,31.29,10.6,273.31,82.74,37.5,
199611,3189028,6690.71,31.73,10.3,286.47,95.1,38.35,
199612,3286160,6881.57,32.89,10.2,285.99,80.22,39.08,
199701,3422529,7135.16,31.4,10.3,287.65,89.46,38.76,
199702,3614247,7642.26,25.18,8.8,215.3,71.74,30.12,
199703,3581834,8166.46,32.89,10.4,297.78,96.58,39.98,
199704,3575579,8505.78,31.8,10.4,275,102.69,38.6,
199705,3545977,8146.61,33.09,10.1,285.72,85.02,39.56,
199706,3607114,8604.6,31.55,9.7,282.41,98.46,37.56,
199707,3716127,9553.26,32.95,9.7,302.38,104.79,39.16,
199708,3696487,9890.34,32.66,9.7,274.88,94.16,38.24,
199709,3622176,9111.67,32.58,10.1,314.88,104.17,39.1,
199710,3524877,7983.28,34.63,10.9,302.66,100.01,40.74,
199711,3606792,7731.9,33.52,11,356.73,114.26,39.63,
199712,3659831,8147.84,35.81,10.5,346.11,115.18,42.45,
199801,3816728,7849.77,29.36,10.1,256.4,96.62,35.12,
199802,3848355,8807.57,30.34,9.3,293.46,128.39,35.94,
199803,3756972,8976.49,34.19,9.5,347.18,132.8,40.58,
199804,3681412,8785.11,33.6,9.8,303.52,114.36,39.8,
199805,3619199,8226.35,33.42,9.9,314.77,109.56,38.43,
199806,3636728,7540.08,33.54,8.9,317.25,113.35,39.42,
199807,3679542,7874.1,34.01,8.3,312.8,111.57,39.71,
199808,3598897,7218.46,33.83,8.6,338.11,124.05,39.88,
199809,3585479,6832.38,34.41,8.8,334.35,130.88,41.05,
199810,3597654,6886.22,35.01,9.8,296.58,127.47,41.44,
199811,3676799,7108.83,34.63,9.6,345.97,130.43,40.23,
199812,3764718,6832.09,35.32,9.6,300.09,118.11,42.12,
199901,3804116,6255.89,34.14,9.6,320.63,133.77,40.8,656.56196
199902,3965157,5920.05,28.23,8.1,248.18,103.77,33.09,674.455642
199903,3907914,6677.49,36.6,9.5,348.92,144.06,44.69,683.69244
199904,3954220,7389.86,36.32,10.1,305.92,119.87,43.94,685.983209
199905,3953203,7504.58,36.86,10.1,352.72,131.42,43.4,689.209924
199906,4049490,8055.32,36.58,10.2,326.18,131.42,43.85,699.830771
199907,4151361,7915.84,36.84,10,326.8,129.23,42.52,719.674013
199908,4098763,7655.87,36.77,9.8,349.7,138.81,42.63,715.629525
199909,4140816,7977.15,34,9.3,309.23,119.75,40.94,709.907353
199910,4150704,7696.52,37.8,10.2,370.21,176.42,45.16,703.531804
199911,4160477,7669.57,38.14,10.4,372.7,153.44,44.93,708.053031
199912,4294804,7918.93,39.02,10.3,355.19,152.53,46.15,740.318873
200001,4533227,9228.57,37.57,10.3,377.75,149.17,45.77,746.156376
200002,4720709,9891.21,30.92,8.9,282.41,135.39,37.14,721.712973
200003,4684619,9337.92,40.19,10.2,375.19,165.33,49.33,758.907494
200004,4692772,9368.9,37.71,10.4,382.81,177.78,45.43,755.139384
200005,4527054,8672.36,40.02,10.2,411.61,184.67,47.97,779.736938
200006,4482974,8752.65,39.88,10.2,391.04,172.72,48.02,780.0659
200007,4455136,8213.35,39.32,9.9,428.41,199.31,46.88,803.498072
200008,4424175,7942.79,39.95,9.7,405.17,180.41,47.23,805.016487
200009,4379408,7069.47,40.04,9.9,412.65,186.28,48.32,803.529372
200010,4272419,5837.25,40.51,9.8,436.31,191.05,47.89,785.195193
200011,4294833,5525,39.32,9.6,417.14,176.07,46.07,777.677559
200012,4310639,5071.5,39.23,9.2,408.79,154.13,45.02,778.629234
200101,4536008,5440.06,33.33,8.8,331.63,140.67,39.42,733.492114
200102,4524941,5875.69,34.88,9.1,336.71,139.9,41.62,704.177135
200103,4426720,5702.82,38.71,9.3,389.53,144.94,46.86,737.237219
200104,4371688,5491.28,35.25,9.6,366.9,157.34,42.66,711.679292
200105,4293465,5157.19,36.69,9,342.38,127.27,43.56,705.182271
200106,4294111,5049.05,34.64,8.7,360.71,127.65,40.99,710.364743
200107,4334122,4452.49,34.43,7.6,347.42,132.07,40.72,719.805605
200108,4360289,4495.41,36.52,7.6,338.64,118.96,43.32,736.630934
200109,4392085,3949.18,33.58,7.7,316.01,118.63,39.84,691.268157
200110,4413863,3782.45,36.96,8.8,409.97,159.54,43.78,727.528632
200111,4509607,4317.99,35.74,8.1,362.89,124.93,43.65,737.542071
200112,4772535,5264.16,35.34,8.3,367.78,134.45,41.74,760.799648
200201,5033208,5737,36.49,8.5,351.7,128.43,44.49,732.864081
200202,5241659,5747.76,30.04,7.7,291.12,105.18,35.97,677.65044
200203,5204750,6057.68,38.92,9.2,417.98,166.29,47.35,758.337834
200204,5215144,6258.54,39,9.7,395.19,154.58,46.94,745.455332
200205,5186293,5708.8,40.72,9.6,395.69,142.42,47.88,751.090346
200206,5168889,5429.04,38.31,9.2,398.5,150.02,45.26,753.903394
200207,5201535,5146,39.87,8.7,387.86,160.63,46.7,768.784549
200208,5191520,4841.69,39.99,8.4,381.21,130.07,46.71,762.235957
200209,5189514,4461.69,38.74,8.6,402.41,152.49,45.7,779.747727
200210,5154903,4271.87,40.66,9.4,417.15,161.52,48.57,798.920821
200211,5196291,4675.6,39.66,9.1,428.78,144.65,47.47,794.151515
200212,5301216,4621.36,39.9,9.3,425.24,162.81,47.62,811.660777
200301,5514531,4890,40.62,9,365.12,141.18,49.14,795.90352
200302,5602602,4585.72,33.98,8.5,354.29,128.37,40.03,703.970117
200303,5505821,4449.2,41.24,9.3,459.19,160.57,48.43,784.698107
200304,5530349,4449.61,40.8,9.1,420.62,147.91,47.88,759.137791
200305,5553589,4319.44,41.31,9,408.75,125.95,47.55,721.696811
200306,5642313,4869.95,40.42,8.6,421.26,147.61,47.66,749.64372
200307,5782208,5287.12,43.08,8.6,420.48,153.06,50.32,793.133402
200308,5902193,5446.94,42.93,8.9,445.86,151.82,49.92,795.143535
200309,6027929,5679.8,42.55,9.2,452.08,158.58,50.49,815.473104
200310,6136262,5939.88,45.63,9.9,463.43,166.23,54.61,843.982553
200311,6188106,5951.52,44.24,10,492.76,184.28,52.45,834.332906
200312,6260837,5853.3,47.51,10.2,501.91,186.38,55.48,873.297111
200401,6648179,6236.42,40.7,9.5,421.74,153.48,48.63,838.92325
200402,6746610,6514.45,43.37,9.7,463.79,177.23,51.15,802.508607
200403,6813437,6658.08,47.9,10.1,518.08,199.55,56.25,847.744888
200404,6879153,6666.2,46.43,10.1,490.4,172.98,55.56,844.486621
200405,6861427,5911.68,47.29,10.3,551.49,183.24,55.11,848.95312
200406,6782330,5758.18,46.47,10.1,514.53,187.35,54.73,858.424555
200407,6880030,5553.57,46.53,9.8,521.49,185.3,55.21,864.805344
200408,6966890,5497.72,46.05,9.4,530.31,195.07,54.64,862.160449
200409,7041045,5865.56,46.08,10,535,196.43,54.45,887.337569
200410,7038708,5885.47,47.06,10.5,550.38,212.33,55.42,911.122535
200411,7048166,5885.48,46.75,10.2,544.27,207.43,54.22,907.257607
200412,7159289,5967.39,47.21,10,507.04,187.73,54.49,919.771642
200501,7249343,5917.56,46.82,10,520.03,193.18,56.78,926.306106
200502,7425017,6100.64,38.19,8.8,389.58,141.14,44.96,788.293248
200503,7374745,6103.94,48.75,9.9,515.73,195.2,58.55,929.111424
200504,7299114,5876.11,47.18,10,520.6,176.48,56.01,899.602967
200505,7266716,5930.4,47.55,9.9,538.93,190.83,56.1,888.806294
200506,7267275,6221.29,47.5,9.5,490.7,175.78,56.97,908.989591
200507,7408365,6334.58,46.58,9,517.13,187.78,55.46,909.88198
200508,7495374,6243.56,48.85,9.1,532.26,182.44,58.97,921.360674
200509,7484997,6066.8,48.52,9.2,556.72,190.18,59.68,947.526598
200510,7417792,5879.88,49.61,9.8,629.42,207.52,59.86,956.887164
200511,7431724,6024.75,49.37,9.4,610.8,208.63,60.37,974.094544
200512,7629081,6377.19,50.18,9.7,605,183.13,61.09,987.975888
200601,7857896,6609.32,47.86,8.8,550.2,171.64,58.57,965.913735
200602,7839561,6614.03,43.57,8.9,499.38,193.79,51.64,878.865503
200603,7689942,6500.62,51.92,9.4,585.18,201.8,62.77,977.589674
200604,7697055,6941.09,49.58,9.5,616.89,196.43,59.99,957.617417
200605,7781504,7123,51.08,9.4,605.71,199.81,61.34,957.145712
200606,7646356,6547.77,49.87,9.2,588.42,192.6,60.6,993.01763
200607,7639747,6504.24,49.79,9,643.02,224.05,59.03,991.092718
200608,7703218,6551.76,51.33,8.9,639.86,201.06,62.21,976.406266
200609,7838040,6781.58,50.01,8.8,665.96,198.04,59.62,1002.932496
200610,7855105,7029.4,50.08,9.3,661.27,210.98,60.52,1011.640019
200611,7863529,7266.97,49.98,8.9,650.4,213.63,61.14,1028.506501
200612,8038369,7630.3,49.49,9.1,645.67,188.31,58.92,1041.601904
200701,8207011,7814.79,50.85,9,653.45,202.28,62.86,1033.159894
200702,8415492,7817.84,41.3,7.7,493.71,150.46,49.8,901.710266
200703,8322281,7689.34,52.28,9.2,657.02,195.55,64.71,1016.966819
200704,8333056,7991.85,51.56,9.1,661.15,212.17,63.16,997.056499
200705,8299337,8086.96,54.85,9.2,656.48,201.34,66.73,1018.875635
200706,8222472,8579.58,53.54,9,671.29,199.44,65.06,1022.796988
200707,8337807,9358.13,55.89,9,701.94,234.68,68.09,1065.761456
200708,8366052,8756.78,56.2,8.9,705.2,209.94,68.66,1061.747201
200709,8337625,9069.11,53.93,9.2,737.98,205.93,67.03,1059.305339
200710,8300077,9605.19,58.43,9.8,748.75,203.42,72.21,1102.237849
200711,8204548,8799.7,56.67,9.3,713.75,195.88,69.77,1075.338207
200712,8124614,8309,56.58,9.2,764.98,213.88,68.5,1124.341035
200801,8182614,7922.65,57.32,9.1,722.51,219.52,71.57,1148.109017
200802,8261032,7999.48,48.52,8.1,569.28,160.86,59.94,971.511498
200803,8201611,8439.59,57.65,9.3,756.96,228.94,72.12,1089.210145
200804,8194778,8877.98,57.58,9.2,689.82,201.74,71.26,1079.565479
200805,8204585,8910.21,58.31,9.1,726.52,175.82,71.21,1098.260595
200806,7972412,8180,56.58,8.7,745.76,202.02,69.24,1078.840348
200807,7856834,7127.7,57.58,8.7,701.68,193.85,69.31,1094.519474
200808,7921254,7071.12,57.4,8.6,783.72,195.45,67.5,1090.529434
200809,7929770,6203.77,53.98,8.2,700.32,191.26,65.03,1067.412332
200810,7961841,5043.05,51.07,8,674.82,179.99,63.83,1059.142645
200811,7913218,4509.53,41.24,6,559.95,166.06,51.51,946.794373
200812,7949326,4496.38,38.92,4.6,458.5,136.43,50.25,933.294816
200901,8327910,4475.14,32.18,4.2,413.05,100.46,46.67,923.228648
200902,8483983,4476.87,35.09,4.3,430.08,130.19,50.64,882.470554
200903,8647538,4925.88,42.27,4.8,544.31,152.71,57.97,953.715615
200904,8973412,5724.36,45.95,5.3,503.44,144.2,60.29,970.564818
200905,9266786,6586.3,48.35,6,541.82,141.07,59.83,961.888366
200906,9330463,6495.99,51.14,5.9,558.16,170.01,64.78,1026.180905
200907,9478288,6834.54,53.63,6.5,572.07,166.45,67.25,1061.949763
200908,9674827,6855.82,52.95,7.2,627.97,179.12,64.3,1064.963631
200909,9793938,7321.12,55.18,7.4,630.78,189.34,65.62,1072.44847
200910,10004967,7588.72,56.19,7.8,645.22,191,66.56,1096.411927
200911,10178101,7611.73,55.96,7.8,653.17,213.12,67,1076.655265
200912,10358257,7836.69,58.79,8.2,649.44,199.86,72.07,1108.171108
201001,10507106,8098.58,57.21,8.6,700.01,202.97,70.46,1045.939699
201002,10628208,7431.71,50.49,7.4,538.79,175.1,58.31,964.486055
201003,10512754,7775.16,61.85,9.1,753.21,245.42,74.87,1085.034091
201004,10581711,8052.45,62.36,9.1,699.26,218.15,75.49,1088.780061
201005,10625864,7525.68,63.69,9.3,811.1,233.98,74.27,1093.740832
201006,10564263,7383.42,64.36,9.3,742.08,230.69,74.95,1123.825026
201007,10662484,7638.86,65.98,9.2,775.86,237.95,76.81,1149.363189
201008,10863857,7883.91,64.34,8.8,777.31,259.29,75.17,1124.969476
201009,10984286,8039.5,61.92,8.7,723.66,252.93,73.05,1138.749985
201010,11010041,8210.01,62.8,9.2,761.47,244.95,73.65,1171.144132
201011,11112796,8350.26,65.11,8.8,748.23,244.57,75.04,1132.302234
201012,11266159,8777.11,67.58,8.7,726.4,232.48,79.37,1165.226584
201101,11489795,8970.76,65.82,8.8,750.59,237.48,78.27,1181.088323
201102,11627294,8742.56,55.87,8.2,626.83,195.66,63.01,1006.54725
201103,11481607,8575.49,68.43,9.2,814.4,251.26,81.4,1161.061939
201104,11445860,8860.92,65.31,9.2,807.87,218.04,76.45,1136.38289
201105,11475670,8910.542857,67.27,8.8,809.3,255.46,75.35,1136.827922
201106,11415910,8748.664762,65.55,8.6,733.32,229.92,75.58,1178.913322
201107,11473352,8681.23619,66.35,8.6,821.56,226.83,76.56,1192.684786
201108,11672465,7763.333043,64.95,8.3,755.72,217.23,74.7,1157.553724
201109,11674272,7385.134286,61.09,8.1,730,205.92,73.42,1172.474212
201110,11573259,7345.0755,63.13,8.1,835.19,223.65,72.49,1187.865195
201111,11581989,7275.441818,60.8,7.7,751.06,212.28,71.72,1119.088295
201112,11661953,6969.147273,60.74,7.8,736.58,202.67,73.07,1145.744971
201201,11933630,7176.736667,55.27,7.5,644.81,197.26,64.4,1085.258888
201202,11957169,7855.9325,59.64,7.7,704.96,189.62,70.11,1062.890104
201203,11879831,8019.99913,67.1,8.2,789.58,213.11,79.37,1132.277548
201204,11877381,7620.8245,64.93,8.3,763.89,211.25,75.2,1108.245423
201205,11847406,7356.840909,67.2,8.4,777.06,216.58,76.99,1158.621205
201206,11779452,7142.521429,63.54,8.1,738.28,209.69,73.07,1159.233423
201207,11804006,7187.136364,66.92,8.1,755.19,234.17,76.61,1181.416134
201208,11991185,7409.595909,67.48,8,752.35,204.73,76.99,1157.39141
201209,12065210,7610.3835,64.89,8,818.19,201.9,74.3,1159.942522
201210,11985949,7438.137273,66.64,8.2,787.16,202.1,76.81,1177.987663
201211,12005063,7255.633182,65.33,7.8,736.34,185.66,75.92,1141.530901
201212,12234362,7630.805238,63.77,7.9,769.53,199.72,74,1156.71578
201301,12407945,7759.254545,67,8.1,754.73,223.35,79.41,1176.688517
201302,12634244,7932.681538,54.76,7.4,587.16,161.74,60.93,996.243409
201303,12595646,7906.990952,67.31,8.4,822.83,229.16,76.37,1141.631964
201304,12556675,7893.419,66.07,8.7,761.43,212.53,76.31,1107.873246
201305,12681028,8272.343182,69.42,8.6,804.73,230.46,79.31,1144.076731
201306,12709184,7988.804211,67.15,8.6,804.71,231.85,75,1154.364597
201307,12822892,8101.911739,70.84,8.7,774.61,218.72,78.34,1184.172926
201308,12988059,7932.020476,69.35,8.6,778.62,189.76,78.78,1151.736958
201309,13036629,8193.463,66.59,8.4,766.11,215.53,75.04,1181.544187
201310,13014770,8366.176818,68.44,8.7,798.78,206.83,78.62,1198.695871
201311,13068044,8236.520476,66.63,8.5,772.71,196.95,76.61,1166.188286
201312,13274088,8431.400909,69.53,8.7,792.63,238.2,79.73,1211.931815
201401,13639696,8566.620556,66.81,8.4,742.36,195.72,77.1,1205.958924
201402,13723996,8496.090588,59.88,7.8,653.85,183.09,65.87,1016.663378
201403,13712635,8687.445714,70.55,8.5,856.77,250.95,79.27,1162.711886
201404,13699653,8900.141429,70.57,8.7,821.9,231.95,82.18,1166.718483
201405,13713754,8936.22619,73.11,8.8,819.49,211.77,82.69,1192.638716
201406,13657227,9229.308,72.78,8.5,821.53,241.13,80.65,1203.456684
201407,13804385,9474.126364,75.63,8.7,816.76,226.22,83.73,1214.060844
201408,13970453,9266.461905,75.1,8.6,855.73,218.69,80.9,1173.993136
201409,13996471,9229.005238,74.11,8.5,804.76,226.12,81.28,1213.205947
201410,13948695,8819.213182,75.98,8.8,829,210.41,84.08,1217.336157
201411,13976530,9015.871,72.91,8.6,830.36,235.54,78.9,1173.213083
201412,14189364,9109.307083,75.79,8.7,810.92,226.83,83.94,1239.868933
201501,14326278,9281.738,74.19,8.8,808.58,239.49,84.28,1201.219321
201502,14564263,9505.547692,62.06,7.8,630.92,175.51,67.09,1023.709617
201503,14517099,9611.304091,76.1,8.8,805.67,239.77,85.12,1152.777055
201504,14501393,9679.931,72.32,8.8,743.37,208.6,82.03,1140.457328
201505,14561211,9689.296,72.72,8.6,795.11,210.16,79.88,1139.619673
201506,14488540,9355.102857,72.75,8.3,719.55,226.07,80.24,1167.877647
201507,14586258,8963.875,73.39,8.4,736.51,221.04,81.35,1158.983209
201508,14789586,8156.217143,70.29,8.1,768.28,227.32,76.88,1135.319785
201509,14923309,8205.508,69.93,7.9,746.46,212.13,77.77,1150.753962
201510,14890569,8551.138095,71.02,8.2,795.06,230.22,80.92,1181.882752
201511,14917407,8502.598095,67.87,7.8,731.67,238.27,76.09,1144.745709
201512,15093681,8298.218696,70.9,8.1,732.55,210.73,79.23,1195.859039
201601,15317647,7871.480476,68.6,8.1,730.9,230.75,78.36,1173.839021
201602,15453965,8246.533846,58.05,7.4,586.8,173.01,63.47,948.801529
201603,15411180,8687.645652,73.57,8.1,746.46,229.51,83.29,1111.162996
201604,15415157,8567.991053,68.85,8.5,714.43,207.35,77.41,1104.391989
201605,15479035,8235.470952,73.5,8.5,762.72,245.24,80.51,1124.807949
201606,15391712,8595.41619,74.44,8.2,741.92,236.41,81.04,1153.711476
201607,15496601,8899.74,74.49,8.5,774.53,254,79.49,1160.172071
201608,15747945,9093.748696,77.01,8.2,777.13,258.63,83.03,1168.126926
201609,15872722,9130.868947,75.99,8.2,711,253.51,78.07,1158.079392
201610,15835378,9273.736,76.36,9.7,838.28,287.69,80.81,1190.277857
201611,15895721,9098.386818,78.43,9.2,793.19,264.34,84.18,1208.127799
201612,16001058,9245.263182,78.38,9.1,819.81,271.6,84.01,1234.8507
201701,16244054,9351.71375,72.47,8.1,754.31,243.79,77.58,1238.436429
201702,16238168,9673.977778,67.43,7.7,699.73,219.87,70.74,1022.460062
201703,16114960,9796.295652,79.7,8,787.45,256.35,86.29,1193.788289
201704,16064145,9801.368333,69.67,8.1,733.96,238.24,75.4,1136.048829
201705,16088751,9993.663,75.9,8.1,763.79,254.91,81.36,1175.171293
201706,16074104,10259.00087,78.71,7.8,773.8,232.53,84.77,1203.567745
201707,16265513,10425.9181,76.39,7.8,819.56,258.43,81.37,1193.521346
201708,16552266,10436.34957,81.46,7.9,836.02,259.01,87.35,1227.593968
201709,16589043,10500.59727,80.04,7.7,864.96,267.59,84.56,1228.047974
201710,16564701,10683.85368,78.36,8.1,827.97,280.76,82.8,1231.995967
201711,16594359,10743.29818,79.89,8,863.18,277.3,85.23,1271.687073
201712,16645671,10501.39714,81.46,8,881.04,257.26,85.12,1298.258346
201801,16748718,11005.38,79.31,8,808.9,283.42,86.52,1312.737615
201802,17075537,10717.94,63.76,7.3,647.84,214.5,67.14,1062.589753
201803,16994742,10903.88565,83.86,8.2,871.5,259.51,89.1,1262.508853
201804,16963770,10795.84389,75.35,8.2,775.28,249.5,80.06,1185.239304
201805,17110043,10817.67682,81.98,8.2,860.86,266.37,87.44,1282.075105
201806,17022644,10986.51,78.81,8.1,840.81,245.75,84.34,1255.254036
201807,17201629,10840.21545,80.02,8,860.42,294.04,84.63,1273.913102
201808,17414867,10909.41652,82.51,8,860.89,290,87.58,1299.084621
201809,17454864,10883.76526,81.11,8,906.76,300.54,83.04,1269.350807
201810,17444488,10088.35636,84.6,8.1,906.31,314.55,86.27,1301.20344
201811,17438972,9821.369545,81.4,7.7,854.33,280.69,84.72,1274.148209
201812,17592801,9747.112381,79.85,7.7,875.18,283.44,83.89,1259.316698
201901,17845836,9764.715238,79.78,7.5,835.72,323.55,88.96,1352.83107
201902,18095040,10210.03538,62.7,7.1,625.79,203.53,65.75,1002.066068
201903,18162075,10445.221,77.52,7.7,877.42,329.33,83.46,1208.54271
201904,18261561,10892.1535,77.05,7.9,788.03,272.72,82.18,1207.62257
201905,18347344,10574.49409,80.43,7.9,852.95,273.88,85.2,1245.31883
201906,18274387,10620.02263,78.63,7.7,887.81,311.76,82.31,1218.858568
201907,18463162,10845.69739,83.92,7.4,872.9,315.06,87.55,1307.333083
201908,18726826,10469.1381,85.07,7.5,902.17,307.21,87.19,1262.559792
201909,18744555,10815.75895,81.72,7.6,877.09,358.21,83.54,1259.88399
201910,18663224,11139.81619,84.28,7.8,894.74,352.65,87.42,1306.178202
201911,18740366,11558.85905,83.75,7.9,870.37,328.38,84.92,1281.916039
201912,18901441,11854.08,86.85,8.1,896.94,386.27,89.95,1311.013684
202001,19203394,11962.32333,78.32,8.1,751.69,293.27,80.09,1252.159754
202002,19360834,11623.70474,77.42,7.9,760.75,278.83,79.27,1095.813237
202003,19437733,10138.08864,87.56,7.8,850.84,341.91,89.44,1251.032118
202004,19630514,10329.4795,81.23,7.4,761.34,318.81,81.19,1154.258999
202005,19779854,10876.943,82.42,6.9,808.08,317.68,80.85,1165.49633
202006,20082699,11489.677,85.22,6.7,809.34,319.14,85.67,1212.263395
202007,20364727,12256.21,88.2,6.6,833.09,324.15,89.83,1317.744006
202008,20779465,12743.06667,90.24,6.8,919.52,349.67,88.99,1291.470836
202009,21011747,12653.01955,93.41,6.8,903.92,347.08,95.62,1353.555186
202010,21061398,12817.76105,91.23,7.6,935.88,351.54,91.54,1314.054492
202011,21419902,13393.84048,92.67,7.5,921.39,385.32,94.67,1374.902619
202012,21957908,14276.87565,98,7.7,942.9,385.92,100.6,1426.806385
202101,22622754,15552.204,95.39,8.1,974.87,393.05,98.01,1442.351824
202102,22956480,16080.79462,80.59,7.5,788.19,317.33,80.83,1198.316948
202103,22981901,16150.14545,102.74,8,1013.09,420.79,102.21,1420.88205
202104,23111944,17114.84474,94.47,8.5,994.72,375.18,96.57,1404.830209
202105,23288445,16504.41571,98.96,7.8,1047.76,398.9,100.07,1374.296196
202106,23569675,17282.8181,102.67,7.5,1016.29,396.81,101.9,1296.407732
202107,23760484,17656.94045,102.98,7.4,1058.49,417.79,102.83,1359.407691
202108,23977765,17131.01,104.03,7.5,1102.42,472.31,102.71,1409.945115
202109,24156031,17281.23,105.03,7.6,1100.1,450.25,103.83,1468.254572
202110,24207931,16723.5555,102.79,8.2,1118.5,453.88,101.14,1463.524587
202111,24457750,17489.18273,104.05,8,1157.32,447.57,103.87,1539.019057
202112,24758016,17845.35091,106.33,8.4,1129.85,445.09,106.02,1563.737206
202201,25221943,18232.85722,103.46,7.9,1105.52,445.18,103.92,1609.068019
202202,25498947,18056.18133,87.87,8,1041.6,406.31,84.32,1264.677171
202203,25490519,17474.73174,105.75,8.2,1228.75,503.83,108.38,1603.732486
202204,25379697,16998.77947,98.84,8.5,1194.51,466.71,97.69,1489.480832
202205,25276153,16191.99095,100.63,8,1242.83,501.76,98.47,1480.799467
202206,25474479,15889.21238,100.38,8,1246.5,490.66,98.52,1495.51605
202207,25345565,14566.2519,100.51,7.6,1289.04,497.43,95.56,1493.239867
202208,25789157,15117.98174,101.9,7.4,1206.97,500.27,98.23,1494.258182
202209,25746139,14344.32476,95.76,7.1,1151.06,452.63,94.68,1551.93483
202210,25462085,13107.418,94.37,7.3,1265.68,546.87,90.12,1538.443793
202211,25539134,14067.26318,94.38,7.1,1150.54,475.79,91.31,1486.440145
202212,25783954,14512.76636,94.03,7.4,1095.27,420.05,91.52,1563.851247
202301,25913076,14736.84462,79.34,7.5,963.9,404.47,77.3,1439.549888
202302,26016523,15529.40333,79.18,8,937.09,382.218,79.72,1291.031894
202303,26002853,15652.88,88.89,8.3,1075.336,417.5,91.96,1492.938993
202304,26059477,15728.31471,76.06,8.8,1093.816,375.864,79.69,1373.89898
202305,26103879,15955.69773,84.34,8.7,1108.92,392.774,88.04,1428.212822
202306,26072303,16983.735,82.81,8.2,993.102,366.299,85.26,1443.082355
202307,26280834,17072.19476,84.76,7.9,1199.681,435.848,86.64,1472.522754
202308,26527742,16648.14273,90.57,7.8,1181.937,401.622,91.66,1470.739101
202309,26457439,16569.9035,89.34,7.8,1237.515,408.986,87.86,1549.452632
202310,26306314,16422.4045,92.46,8.1,1227.285,501.71,89.64,1560.305842
202311,26314092,16977.86409,92.79,7.7,1207.995,415.156,90.08,1563.327713
202312,26584852,17569.97952,90.57,7.7,1255.53,399.161,88.48,1552.637462
202401,26834447,17667.52591,91.54,8.1,1153.958,467.691,93.09,1640.325562
202402,27179113,18611.72308,78.61,7.9,985.952,313.184,74.71,1300.435816
202403,27402625,19843.09,93.23,8.3,1319.577,460.091,92.24,1550.563008
202404,27347071,20244.9695,87.75,8.5,1202.709,481.491,90.04,1528.526555
202405,27408812,21106.79909,98.11,8.6,1210.331,471.204,95.33,1564.841591
202406,27436734,22449.19789,94.08,8.6,1289.323,530.943,90.08,1546.645667
202407,27653731,23239.59,96.31,8.4,1297.684,567.485,95.79,1610.262906
202408,27602412,21851.69409,102.66,8.6,1421.823,496.459,97.75,1567.159547
202409,27533780,21890.573,99.97,8.4,1298.579,540.321,93.66,1613.980851
202410,27598953,23015.05105,100.58,9.1,1364.829,523.079,94.28,1618.886999
202411,27514288,22853.7681,102.44,8.9,1380.0197,518.7898,95.28,1597.373718
202412,27647201,23077.82182,108.37,8.7,1395.2104,514.5006,98.96,1703.752719
202501,28010308,23100.36667,96.89,8.7,1435.93075,503.735,91.29,1644.499974
202502,28021770,23327.53,92.9,8.3,1425.5918,505.9222,90.77,1486.274885
202503,27900305,22194.42952,106.39,8.6,1425.5918,505.9222,100.06,1665.702731
202504,27853118,19557.8075,110.05,9,1418.699167,507.3803333,103.91,1698.962266
202505,27947993,21270.987,122.25,9.1,1413.529692,508.4739333,111.49,1637.110816
202506,28106411,22013.9719,113.41,8.6,1408.360217,509.5675333,107.59,1565.475799
202507,28443353,22962.97522,115.63,8.5,1403.190742,510.6611333,108.38,1598.728904
202508,28832022,24044.89286,118.22,8.8,1398.021267,511.7547333,104.91,1603.258123
202509,28977498,25222.42524,118.12,8.6,1392.851792,512.8483333,107.68,1755.171579
202510,28935178,27401.15,116.56,9.3,1387.682317,513.9419333,106.47,1752.826259
202511,28873543,27463.6745,121.28,8.8,1382.512842,515.0355333,109.2,1791.744929
202512,28987198,28070.44091,133.38,9,1377.343367,516.1291333,118.71,1784.284544
202601,29574911,31223.39143,123.9,9.1,1372.173892,517.2227333,117.06,1978.703013
202602,30016162,33173.19417,108.35,8.9,1367.004417,518.3163333,95.88,1602.538098
202603,30086138,33351.145,134.18,9,1361.834942,519.4099333,122.82,2113.463808
202604,30149810,36644.3385,126.49,9.4,1356.665467,520.5035333,114.95,2032.961864
202605,30618881,41932.916,136.74,9.3,1351.495992,521.5971333,118.1,2107.281728
202606,30748857,45392.44762,139,9.1,1346.326517,522.6907333,124.02,2214.460928
202607,30530948,44366.29,145.24,,1341.157042,523.7843333,,2264.24221
