統計項目,貨品別,資料期(民國年),統計值(金額),計量單位
外銷訂單金額_美元,機械,07301,121,百萬美元
外銷訂單金額_美元,機械,07302,107,百萬美元
外銷訂單金額_美元,機械,07303,130,百萬美元
外銷訂單金額_美元,機械,07304,129,百萬美元
外銷訂單金額_美元,機械,07305,132,百萬美元
外銷訂單金額_美元,機械,07306,127,百萬美元
外銷訂單金額_美元,機械,07307,128,百萬美元
外銷訂單金額_美元,機械,07308,126,百萬美元
外銷訂單金額_美元,機械,07309,115,百萬美元
外銷訂單金額_美元,機械,07310,118,百萬美元
外銷訂單金額_美元,機械,07311,117,百萬美元
外銷訂單金額_美元,機械,07312,112,百萬美元
外銷訂單金額_美元,機械,07401,122,百萬美元
外銷訂單金額_美元,機械,07402,107,百萬美元
外銷訂單金額_美元,機械,07403,134,百萬美元
外銷訂單金額_美元,機械,07404,124,百萬美元
外銷訂單金額_美元,機械,07405,131,百萬美元
外銷訂單金額_美元,機械,07406,120,百萬美元
外銷訂單金額_美元,機械,07407,122,百萬美元
外銷訂單金額_美元,機械,07408,125,百萬美元
外銷訂單金額_美元,機械,07409,119,百萬美元
外銷訂單金額_美元,機械,07410,130,百萬美元
外銷訂單金額_美元,機械,07411,126,百萬美元
外銷訂單金額_美元,機械,07412,133,百萬美元
外銷訂單金額_美元,機械,07501,150,百萬美元
外銷訂單金額_美元,機械,07502,119,百萬美元
外銷訂單金額_美元,機械,07503,158,百萬美元
外銷訂單金額_美元,機械,07504,155,百萬美元
外銷訂單金額_美元,機械,07505,167,百萬美元
外銷訂單金額_美元,機械,07506,160,百萬美元
外銷訂單金額_美元,機械,07507,169,百萬美元
外銷訂單金額_美元,機械,07508,172,百萬美元
外銷訂單金額_美元,機械,07509,166,百萬美元
外銷訂單金額_美元,機械,07510,188,百萬美元
外銷訂單金額_美元,機械,07511,186,百萬美元
外銷訂單金額_美元,機械,07512,185,百萬美元
外銷訂單金額_美元,機械,07601,220,百萬美元
外銷訂單金額_美元,機械,07602,219,百萬美元
外銷訂單金額_美元,機械,07603,249,百萬美元
外銷訂單金額_美元,機械,07604,270,百萬美元
外銷訂單金額_美元,機械,07605,261,百萬美元
外銷訂單金額_美元,機械,07606,271,百萬美元
外銷訂單金額_美元,機械,07607,269,百萬美元
外銷訂單金額_美元,機械,07608,255,百萬美元
外銷訂單金額_美元,機械,07609,274,百萬美元
外銷訂單金額_美元,機械,07610,271,百萬美元
外銷訂單金額_美元,機械,07611,261,百萬美元
外銷訂單金額_美元,機械,07612,279,百萬美元
外銷訂單金額_美元,機械,07701,310,百萬美元
外銷訂單金額_美元,機械,07702,289,百萬美元
外銷訂單金額_美元,機械,07703,347,百萬美元
外銷訂單金額_美元,機械,07704,353,百萬美元
外銷訂單金額_美元,機械,07705,346,百萬美元
外銷訂單金額_美元,機械,07706,341,百萬美元
外銷訂單金額_美元,機械,07707,339,百萬美元
外銷訂單金額_美元,機械,07708,337,百萬美元
外銷訂單金額_美元,機械,07709,315,百萬美元
外銷訂單金額_美元,機械,07710,373,百萬美元
外銷訂單金額_美元,機械,07711,387,百萬美元
外銷訂單金額_美元,機械,07712,399,百萬美元
外銷訂單金額_美元,機械,07801,320,百萬美元
外銷訂單金額_美元,機械,07802,298,百萬美元
外銷訂單金額_美元,機械,07803,407,百萬美元
外銷訂單金額_美元,機械,07804,408,百萬美元
外銷訂單金額_美元,機械,07805,393,百萬美元
外銷訂單金額_美元,機械,07806,381,百萬美元
外銷訂單金額_美元,機械,07807,387,百萬美元
外銷訂單金額_美元,機械,07808,371,百萬美元
外銷訂單金額_美元,機械,07809,404,百萬美元
外銷訂單金額_美元,機械,07810,380,百萬美元
外銷訂單金額_美元,機械,07811,427,百萬美元
外銷訂單金額_美元,機械,07812,432,百萬美元
外銷訂單金額_美元,機械,07901,390,百萬美元
外銷訂單金額_美元,機械,07902,388,百萬美元
外銷訂單金額_美元,機械,07903,456,百萬美元
外銷訂單金額_美元,機械,07904,449,百萬美元
外銷訂單金額_美元,機械,07905,551,百萬美元
外銷訂單金額_美元,機械,07906,457,百萬美元
外銷訂單金額_美元,機械,07907,468,百萬美元
外銷訂單金額_美元,機械,07908,449,百萬美元
外銷訂單金額_美元,機械,07909,422,百萬美元
外銷訂單金額_美元,機械,07910,519,百萬美元
外銷訂單金額_美元,機械,07911,529,百萬美元
外銷訂單金額_美元,機械,07912,439,百萬美元
外銷訂單金額_美元,機械,08001,455,百萬美元
外銷訂單金額_美元,機械,08002,417,百萬美元
外銷訂單金額_美元,機械,08003,557,百萬美元
外銷訂單金額_美元,機械,08004,565,百萬美元
外銷訂單金額_美元,機械,08005,570,百萬美元
外銷訂單金額_美元,機械,08006,464,百萬美元
外銷訂單金額_美元,機械,08007,482,百萬美元
外銷訂單金額_美元,機械,08008,523,百萬美元
外銷訂單金額_美元,機械,08009,541,百萬美元
外銷訂單金額_美元,機械,08010,487,百萬美元
外銷訂單金額_美元,機械,08011,486,百萬美元
外銷訂單金額_美元,機械,08012,520,百萬美元
外銷訂單金額_美元,機械,08101,555,百萬美元
外銷訂單金額_美元,機械,08102,402,百萬美元
外銷訂單金額_美元,機械,08103,540,百萬美元
外銷訂單金額_美元,機械,08104,577,百萬美元
外銷訂單金額_美元,機械,08105,578,百萬美元
外銷訂單金額_美元,機械,08106,542,百萬美元
外銷訂單金額_美元,機械,08107,636,百萬美元
外銷訂單金額_美元,機械,08108,634,百萬美元
外銷訂單金額_美元,機械,08109,644,百萬美元
外銷訂單金額_美元,機械,08110,667,百萬美元
外銷訂單金額_美元,機械,08111,703,百萬美元
外銷訂單金額_美元,機械,08112,584,百萬美元
外銷訂單金額_美元,機械,08201,596,百萬美元
外銷訂單金額_美元,機械,08202,524,百萬美元
外銷訂單金額_美元,機械,08203,628,百萬美元
外銷訂單金額_美元,機械,08204,580,百萬美元
外銷訂單金額_美元,機械,08205,593,百萬美元
外銷訂單金額_美元,機械,08206,622,百萬美元
外銷訂單金額_美元,機械,08207,662,百萬美元
外銷訂單金額_美元,機械,08208,500,百萬美元
外銷訂單金額_美元,機械,08209,544,百萬美元
外銷訂單金額_美元,機械,08210,582,百萬美元
外銷訂單金額_美元,機械,08211,572,百萬美元
外銷訂單金額_美元,機械,08212,565,百萬美元
外銷訂單金額_美元,機械,08301,539,百萬美元
外銷訂單金額_美元,機械,08302,488,百萬美元
外銷訂單金額_美元,機械,08303,587,百萬美元
外銷訂單金額_美元,機械,08304,597,百萬美元
外銷訂單金額_美元,機械,08305,523,百萬美元
外銷訂單金額_美元,機械,08306,587,百萬美元
外銷訂單金額_美元,機械,08307,624,百萬美元
外銷訂單金額_美元,機械,08308,560,百萬美元
外銷訂單金額_美元,機械,08309,598,百萬美元
外銷訂單金額_美元,機械,08310,621,百萬美元
外銷訂單金額_美元,機械,08311,715,百萬美元
外銷訂單金額_美元,機械,08312,685,百萬美元
外銷訂單金額_美元,機械,08401,581,百萬美元
外銷訂單金額_美元,機械,08402,550,百萬美元
外銷訂單金額_美元,機械,08403,725,百萬美元
外銷訂單金額_美元,機械,08404,726,百萬美元
外銷訂單金額_美元,機械,08405,638,百萬美元
外銷訂單金額_美元,機械,08406,535,百萬美元
外銷訂單金額_美元,機械,08407,608,百萬美元
外銷訂單金額_美元,機械,08408,624,百萬美元
外銷訂單金額_美元,機械,08409,586,百萬美元
外銷訂單金額_美元,機械,08410,667,百萬美元
外銷訂單金額_美元,機械,08411,656,百萬美元
外銷訂單金額_美元,機械,08412,699,百萬美元
外銷訂單金額_美元,機械,08501,585,百萬美元
外銷訂單金額_美元,機械,08502,558,百萬美元
外銷訂單金額_美元,機械,08503,665,百萬美元
外銷訂單金額_美元,機械,08504,668,百萬美元
外銷訂單金額_美元,機械,08505,781,百萬美元
外銷訂單金額_美元,機械,08506,644,百萬美元
外銷訂單金額_美元,機械,08507,583,百萬美元
外銷訂單金額_美元,機械,08508,657,百萬美元
外銷訂單金額_美元,機械,08509,578,百萬美元
外銷訂單金額_美元,機械,08510,655,百萬美元
外銷訂單金額_美元,機械,08511,718,百萬美元
外銷訂單金額_美元,機械,08512,779,百萬美元
外銷訂單金額_美元,機械,08601,568,百萬美元
外銷訂單金額_美元,機械,08602,489,百萬美元
外銷訂單金額_美元,機械,08603,649,百萬美元
外銷訂單金額_美元,機械,08604,630,百萬美元
外銷訂單金額_美元,機械,08605,686,百萬美元
外銷訂單金額_美元,機械,08606,616,百萬美元
外銷訂單金額_美元,機械,08607,592,百萬美元
外銷訂單金額_美元,機械,08608,619,百萬美元
外銷訂單金額_美元,機械,08609,574,百萬美元
外銷訂單金額_美元,機械,08610,652,百萬美元
外銷訂單金額_美元,機械,08611,615,百萬美元
外銷訂單金額_美元,機械,08612,644,百萬美元
外銷訂單金額_美元,機械,08701,410,百萬美元
外銷訂單金額_美元,機械,08702,454,百萬美元
外銷訂單金額_美元,機械,08703,504,百萬美元
外銷訂單金額_美元,機械,08704,620,百萬美元
外銷訂單金額_美元,機械,08705,596,百萬美元
外銷訂單金額_美元,機械,08706,610,百萬美元
外銷訂單金額_美元,機械,08707,615,百萬美元
外銷訂單金額_美元,機械,08708,620,百萬美元
外銷訂單金額_美元,機械,08709,630,百萬美元
外銷訂單金額_美元,機械,08710,630,百萬美元
外銷訂單金額_美元,機械,08711,621,百萬美元
外銷訂單金額_美元,機械,08712,668,百萬美元
外銷訂單金額_美元,機械,08801,640,百萬美元
外銷訂單金額_美元,機械,08802,508,百萬美元
外銷訂單金額_美元,機械,08803,614,百萬美元
外銷訂單金額_美元,機械,08804,585,百萬美元
外銷訂單金額_美元,機械,08805,535,百萬美元
外銷訂單金額_美元,機械,08806,660,百萬美元
外銷訂單金額_美元,機械,08807,694,百萬美元
外銷訂單金額_美元,機械,08808,702,百萬美元
外銷訂單金額_美元,機械,08809,654,百萬美元
外銷訂單金額_美元,機械,08810,772,百萬美元
外銷訂單金額_美元,機械,08811,714,百萬美元
外銷訂單金額_美元,機械,08812,732,百萬美元
外銷訂單金額_美元,機械,08901,785,百萬美元
外銷訂單金額_美元,機械,08902,602,百萬美元
外銷訂單金額_美元,機械,08903,832,百萬美元
外銷訂單金額_美元,機械,08904,677,百萬美元
外銷訂單金額_美元,機械,08905,620,百萬美元
外銷訂單金額_美元,機械,08906,688,百萬美元
外銷訂單金額_美元,機械,08907,627,百萬美元
外銷訂單金額_美元,機械,08908,698,百萬美元
外銷訂單金額_美元,機械,08909,670,百萬美元
外銷訂單金額_美元,機械,08910,647,百萬美元
外銷訂單金額_美元,機械,08911,655,百萬美元
外銷訂單金額_美元,機械,08912,675,百萬美元
外銷訂單金額_美元,機械,09001,527,百萬美元
外銷訂單金額_美元,機械,09002,570,百萬美元
外銷訂單金額_美元,機械,09003,685,百萬美元
外銷訂單金額_美元,機械,09004,691,百萬美元
外銷訂單金額_美元,機械,09005,745,百萬美元
外銷訂單金額_美元,機械,09006,684,百萬美元
外銷訂單金額_美元,機械,09007,638,百萬美元
外銷訂單金額_美元,機械,09008,672,百萬美元
外銷訂單金額_美元,機械,09009,696,百萬美元
外銷訂單金額_美元,機械,09010,733,百萬美元
外銷訂單金額_美元,機械,09011,694,百萬美元
外銷訂單金額_美元,機械,09012,685,百萬美元
外銷訂單金額_美元,機械,09101,689,百萬美元
外銷訂單金額_美元,機械,09102,651,百萬美元
外銷訂單金額_美元,機械,09103,790,百萬美元
外銷訂單金額_美元,機械,09104,747,百萬美元
外銷訂單金額_美元,機械,09105,813,百萬美元
外銷訂單金額_美元,機械,09106,812,百萬美元
外銷訂單金額_美元,機械,09107,768,百萬美元
外銷訂單金額_美元,機械,09108,725,百萬美元
外銷訂單金額_美元,機械,09109,669,百萬美元
外銷訂單金額_美元,機械,09110,803,百萬美元
外銷訂單金額_美元,機械,09111,741,百萬美元
外銷訂單金額_美元,機械,09112,824,百萬美元
外銷訂單金額_美元,機械,09201,720,百萬美元
外銷訂單金額_美元,機械,09202,565,百萬美元
外銷訂單金額_美元,機械,09203,818,百萬美元
外銷訂單金額_美元,機械,09204,803,百萬美元
外銷訂單金額_美元,機械,09205,817,百萬美元
外銷訂單金額_美元,機械,09206,830,百萬美元
外銷訂單金額_美元,機械,09207,850,百萬美元
外銷訂單金額_美元,機械,09208,814,百萬美元
外銷訂單金額_美元,機械,09209,871,百萬美元
外銷訂單金額_美元,機械,09210,886,百萬美元
外銷訂單金額_美元,機械,09211,776,百萬美元
外銷訂單金額_美元,機械,09212,856,百萬美元
外銷訂單金額_美元,機械,09301,804,百萬美元
外銷訂單金額_美元,機械,09302,865,百萬美元
外銷訂單金額_美元,機械,09303,1009,百萬美元
外銷訂單金額_美元,機械,09304,1077,百萬美元
外銷訂單金額_美元,機械,09305,1001,百萬美元
外銷訂單金額_美元,機械,09306,1001,百萬美元
外銷訂單金額_美元,機械,09307,1031,百萬美元
外銷訂單金額_美元,機械,09308,993,百萬美元
外銷訂單金額_美元,機械,09309,1087,百萬美元
外銷訂單金額_美元,機械,09310,1085,百萬美元
外銷訂單金額_美元,機械,09311,1080,百萬美元
外銷訂單金額_美元,機械,09312,1187,百萬美元
外銷訂單金額_美元,機械,09401,1082,百萬美元
外銷訂單金額_美元,機械,09402,948,百萬美元
外銷訂單金額_美元,機械,09403,1206,百萬美元
外銷訂單金額_美元,機械,09404,1058,百萬美元
外銷訂單金額_美元,機械,09405,1102,百萬美元
外銷訂單金額_美元,機械,09406,1033,百萬美元
外銷訂單金額_美元,機械,09407,1027,百萬美元
外銷訂單金額_美元,機械,09408,1126,百萬美元
外銷訂單金額_美元,機械,09409,1114,百萬美元
外銷訂單金額_美元,機械,09410,1195,百萬美元
外銷訂單金額_美元,機械,09411,1155,百萬美元
外銷訂單金額_美元,機械,09412,1244,百萬美元
外銷訂單金額_美元,機械,09501,1092,百萬美元
外銷訂單金額_美元,機械,09502,977,百萬美元
外銷訂單金額_美元,機械,09503,1246,百萬美元
外銷訂單金額_美元,機械,09504,1152,百萬美元
外銷訂單金額_美元,機械,09505,1159,百萬美元
外銷訂單金額_美元,機械,09506,1193,百萬美元
外銷訂單金額_美元,機械,09507,1114,百萬美元
外銷訂單金額_美元,機械,09508,1135,百萬美元
外銷訂單金額_美元,機械,09509,1134,百萬美元
外銷訂單金額_美元,機械,09510,1186,百萬美元
外銷訂單金額_美元,機械,09511,1319,百萬美元
外銷訂單金額_美元,機械,09512,1260,百萬美元
外銷訂單金額_美元,機械,09601,1207,百萬美元
外銷訂單金額_美元,機械,09602,1015,百萬美元
外銷訂單金額_美元,機械,09603,1334,百萬美元
外銷訂單金額_美元,機械,09604,1306,百萬美元
外銷訂單金額_美元,機械,09605,1318,百萬美元
外銷訂單金額_美元,機械,09606,1351,百萬美元
外銷訂單金額_美元,機械,09607,1324,百萬美元
外銷訂單金額_美元,機械,09608,1363,百萬美元
外銷訂單金額_美元,機械,09609,1329,百萬美元
外銷訂單金額_美元,機械,09610,1401,百萬美元
外銷訂單金額_美元,機械,09611,1371,百萬美元
外銷訂單金額_美元,機械,09612,1410,百萬美元
外銷訂單金額_美元,機械,09701,1375,百萬美元
外銷訂單金額_美元,機械,09702,1063,百萬美元
外銷訂單金額_美元,機械,09703,1390,百萬美元
外銷訂單金額_美元,機械,09704,1376,百萬美元
外銷訂單金額_美元,機械,09705,1377,百萬美元
外銷訂單金額_美元,機械,09706,1494,百萬美元
外銷訂單金額_美元,機械,09707,1346,百萬美元
外銷訂單金額_美元,機械,09708,1321,百萬美元
外銷訂單金額_美元,機械,09709,1152,百萬美元
外銷訂單金額_美元,機械,09710,1079,百萬美元
外銷訂單金額_美元,機械,09711,815,百萬美元
外銷訂單金額_美元,機械,09712,860,百萬美元
外銷訂單金額_美元,機械,09801,559,百萬美元
外銷訂單金額_美元,機械,09802,621,百萬美元
外銷訂單金額_美元,機械,09803,759,百萬美元
外銷訂單金額_美元,機械,09804,839,百萬美元
外銷訂單金額_美元,機械,09805,768,百萬美元
外銷訂單金額_美元,機械,09806,930,百萬美元
外銷訂單金額_美元,機械,09807,940,百萬美元
外銷訂單金額_美元,機械,09808,964,百萬美元
外銷訂單金額_美元,機械,09809,952,百萬美元
外銷訂單金額_美元,機械,09810,995,百萬美元
外銷訂單金額_美元,機械,09811,1032,百萬美元
外銷訂單金額_美元,機械,09812,1127,百萬美元
外銷訂單金額_美元,機械,09901,1080,百萬美元
外銷訂單金額_美元,機械,09902,1021,百萬美元
外銷訂單金額_美元,機械,09903,1334,百萬美元
外銷訂單金額_美元,機械,09904,1283,百萬美元
外銷訂單金額_美元,機械,09905,1187,百萬美元
外銷訂單金額_美元,機械,09906,1251,百萬美元
外銷訂單金額_美元,機械,09907,1324,百萬美元
外銷訂單金額_美元,機械,09908,1412,百萬美元
外銷訂單金額_美元,機械,09909,1348,百萬美元
外銷訂單金額_美元,機械,09910,1550,百萬美元
外銷訂單金額_美元,機械,09911,1541,百萬美元
外銷訂單金額_美元,機械,09912,1793,百萬美元
外銷訂單金額_美元,機械,10001,1712,百萬美元
外銷訂單金額_美元,機械,10002,1319,百萬美元
外銷訂單金額_美元,機械,10003,1817,百萬美元
外銷訂單金額_美元,機械,10004,1791,百萬美元
外銷訂單金額_美元,機械,10005,1827,百萬美元
外銷訂單金額_美元,機械,10006,1853,百萬美元
外銷訂單金額_美元,機械,10007,1906,百萬美元
外銷訂單金額_美元,機械,10008,1847,百萬美元
外銷訂單金額_美元,機械,10009,1618,百萬美元
外銷訂單金額_美元,機械,10010,1619,百萬美元
外銷訂單金額_美元,機械,10011,1743,百萬美元
外銷訂單金額_美元,機械,10012,1797,百萬美元
外銷訂單金額_美元,機械,10101,1392,百萬美元
外銷訂單金額_美元,機械,10102,1564,百萬美元
外銷訂單金額_美元,機械,10103,1755,百萬美元
外銷訂單金額_美元,機械,10104,1767,百萬美元
外銷訂單金額_美元,機械,10105,1803,百萬美元
外銷訂單金額_美元,機械,10106,1753,百萬美元
外銷訂單金額_美元,機械,10107,1863,百萬美元
外銷訂單金額_美元,機械,10108,1748,百萬美元
外銷訂單金額_美元,機械,10109,1711,百萬美元
外銷訂單金額_美元,機械,10110,1726,百萬美元
外銷訂單金額_美元,機械,10111,1770,百萬美元
外銷訂單金額_美元,機械,10112,1792,百萬美元
外銷訂單金額_美元,機械,10201,1770,百萬美元
外銷訂單金額_美元,機械,10202,1351,百萬美元
外銷訂單金額_美元,機械,10203,1826,百萬美元
外銷訂單金額_美元,機械,10204,1735,百萬美元
外銷訂單金額_美元,機械,10205,1768,百萬美元
外銷訂單金額_美元,機械,10206,1606,百萬美元
外銷訂單金額_美元,機械,10207,1677,百萬美元
外銷訂單金額_美元,機械,10208,1574,百萬美元
外銷訂單金額_美元,機械,10209,1547,百萬美元
外銷訂單金額_美元,機械,10210,1694,百萬美元
外銷訂單金額_美元,機械,10211,1741,百萬美元
外銷訂單金額_美元,機械,10212,1791,百萬美元
外銷訂單金額_美元,機械,10301,1584,百萬美元
外銷訂單金額_美元,機械,10302,1484,百萬美元
外銷訂單金額_美元,機械,10303,1873,百萬美元
外銷訂單金額_美元,機械,10304,1950,百萬美元
外銷訂單金額_美元,機械,10305,1946,百萬美元
外銷訂單金額_美元,機械,10306,1851,百萬美元
外銷訂單金額_美元,機械,10307,1980,百萬美元
外銷訂單金額_美元,機械,10308,1848,百萬美元
外銷訂單金額_美元,機械,10309,1878,百萬美元
外銷訂單金額_美元,機械,10310,1986,百萬美元
外銷訂單金額_美元,機械,10311,1905,百萬美元
外銷訂單金額_美元,機械,10312,2133,百萬美元
外銷訂單金額_美元,機械,10401,1838,百萬美元
外銷訂單金額_美元,機械,10402,1542,百萬美元
外銷訂單金額_美元,機械,10403,2056,百萬美元
外銷訂單金額_美元,機械,10404,1847,百萬美元
外銷訂單金額_美元,機械,10405,1745,百萬美元
外銷訂單金額_美元,機械,10406,1758,百萬美元
外銷訂單金額_美元,機械,10407,1750,百萬美元
外銷訂單金額_美元,機械,10408,1592,百萬美元
外銷訂單金額_美元,機械,10409,1609,百萬美元
外銷訂單金額_美元,機械,10410,1616,百萬美元
外銷訂單金額_美元,機械,10411,1595,百萬美元
外銷訂單金額_美元,機械,10412,1699,百萬美元
外銷訂單金額_美元,機械,10501,1534,百萬美元
外銷訂單金額_美元,機械,10502,1370,百萬美元
外銷訂單金額_美元,機械,10503,1921,百萬美元
外銷訂單金額_美元,機械,10504,1735,百萬美元
外銷訂單金額_美元,機械,10505,1697,百萬美元
外銷訂單金額_美元,機械,10506,1783,百萬美元
外銷訂單金額_美元,機械,10507,1644,百萬美元
外銷訂單金額_美元,機械,10508,1761,百萬美元
外銷訂單金額_美元,機械,10509,1634,百萬美元
外銷訂單金額_美元,機械,10510,1666,百萬美元
外銷訂單金額_美元,機械,10511,1790,百萬美元
外銷訂單金額_美元,機械,10512,1800,百萬美元
外銷訂單金額_美元,機械,10601,1733,百萬美元
外銷訂單金額_美元,機械,10602,1645,百萬美元
外銷訂單金額_美元,機械,10603,2176,百萬美元
外銷訂單金額_美元,機械,10604,1906,百萬美元
外銷訂單金額_美元,機械,10605,1908,百萬美元
外銷訂單金額_美元,機械,10606,2070,百萬美元
外銷訂單金額_美元,機械,10607,1849,百萬美元
外銷訂單金額_美元,機械,10608,1993,百萬美元
外銷訂單金額_美元,機械,10609,1835,百萬美元
外銷訂單金額_美元,機械,10610,1829,百萬美元
外銷訂單金額_美元,機械,10611,2066,百萬美元
外銷訂單金額_美元,機械,10612,2171,百萬美元
外銷訂單金額_美元,機械,10701,1991,百萬美元
外銷訂單金額_美元,機械,10702,1711,百萬美元
外銷訂單金額_美元,機械,10703,2346,百萬美元
外銷訂單金額_美元,機械,10704,2261,百萬美元
外銷訂單金額_美元,機械,10705,2210,百萬美元
外銷訂單金額_美元,機械,10706,2116,百萬美元
外銷訂單金額_美元,機械,10707,2082,百萬美元
外銷訂單金額_美元,機械,10708,2206,百萬美元
外銷訂單金額_美元,機械,10709,1738,百萬美元
外銷訂單金額_美元,機械,10710,1837,百萬美元
外銷訂單金額_美元,機械,10711,1839,百萬美元
外銷訂單金額_美元,機械,10712,1684,百萬美元
外銷訂單金額_美元,機械,10801,1757,百萬美元
外銷訂單金額_美元,機械,10802,1292,百萬美元
外銷訂單金額_美元,機械,10803,1819,百萬美元
外銷訂單金額_美元,機械,10804,1766,百萬美元
外銷訂單金額_美元,機械,10805,1813,百萬美元
外銷訂單金額_美元,機械,10806,1643,百萬美元
外銷訂單金額_美元,機械,10807,1673,百萬美元
外銷訂單金額_美元,機械,10808,1628,百萬美元
外銷訂單金額_美元,機械,10809,1527,百萬美元
外銷訂單金額_美元,機械,10810,1647,百萬美元
外銷訂單金額_美元,機械,10811,1668,百萬美元
外銷訂單金額_美元,機械,10812,1770,百萬美元
外銷訂單金額_美元,機械,10901,1513,百萬美元
外銷訂單金額_美元,機械,10902,1477,百萬美元
外銷訂單金額_美元,機械,10903,1798,百萬美元
外銷訂單金額_美元,機械,10904,1527,百萬美元
外銷訂單金額_美元,機械,10905,1513,百萬美元
外銷訂單金額_美元,機械,10906,1560,百萬美元
外銷訂單金額_美元,機械,10907,1784,百萬美元
外銷訂單金額_美元,機械,10908,1742,百萬美元
外銷訂單金額_美元,機械,10909,1889,百萬美元
外銷訂單金額_美元,機械,10910,1865,百萬美元
外銷訂單金額_美元,機械,10911,1859,百萬美元
外銷訂單金額_美元,機械,10912,2296,百萬美元
外銷訂單金額_美元,機械,11001,2161,百萬美元
外銷訂單金額_美元,機械,11002,1831,百萬美元
外銷訂單金額_美元,機械,11003,2459,百萬美元
外銷訂單金額_美元,機械,11004,2351,百萬美元
外銷訂單金額_美元,機械,11005,2346,百萬美元
外銷訂單金額_美元,機械,11006,2245,百萬美元
外銷訂單金額_美元,機械,11007,2313,百萬美元
外銷訂單金額_美元,機械,11008,2247,百萬美元
外銷訂單金額_美元,機械,11009,2136,百萬美元
外銷訂單金額_美元,機械,11010,2256,百萬美元
外銷訂單金額_美元,機械,11011,2190,百萬美元
外銷訂單金額_美元,機械,11012,2264,百萬美元
外銷訂單金額_美元,機械,11101,2379,百萬美元
外銷訂單金額_美元,機械,11102,1864,百萬美元
外銷訂單金額_美元,機械,11103,2455,百萬美元
外銷訂單金額_美元,機械,11104,2077,百萬美元
外銷訂單金額_美元,機械,11105,2083,百萬美元
外銷訂單金額_美元,機械,11106,2060,百萬美元
外銷訂單金額_美元,機械,11107,1947,百萬美元
外銷訂單金額_美元,機械,11108,1906,百萬美元
外銷訂單金額_美元,機械,11109,1926,百萬美元
外銷訂單金額_美元,機械,11110,1686,百萬美元
外銷訂單金額_美元,機械,11111,1817,百萬美元
外銷訂單金額_美元,機械,11112,1829,百萬美元
外銷訂單金額_美元,機械,11201,1464,百萬美元
外銷訂單金額_美元,機械,11202,1565,百萬美元
外銷訂單金額_美元,機械,11203,1931,百萬美元
外銷訂單金額_美元,機械,11204,1641,百萬美元
外銷訂單金額_美元,機械,11205,1664,百萬美元
外銷訂單金額_美元,機械,11206,1617,百萬美元
外銷訂單金額_美元,機械,11207,1469,百萬美元
外銷訂單金額_美元,機械,11208,1607,百萬美元
外銷訂單金額_美元,機械,11209,1559,百萬美元
外銷訂單金額_美元,機械,11210,1471,百萬美元
外銷訂單金額_美元,機械,11211,1589,百萬美元
外銷訂單金額_美元,機械,11212,1637,百萬美元
外銷訂單金額_美元,機械,11301,1604,百萬美元
外銷訂單金額_美元,機械,11302,1326,百萬美元
外銷訂單金額_美元,機械,11303,1662,百萬美元
外銷訂單金額_美元,機械,11304,1586,百萬美元
外銷訂單金額_美元,機械,11305,1656,百萬美元
外銷訂單金額_美元,機械,11306,1672,百萬美元
外銷訂單金額_美元,機械,11307,1666,百萬美元
外銷訂單金額_美元,機械,11308,1672,百萬美元
外銷訂單金額_美元,機械,11309,1615,百萬美元
外銷訂單金額_美元,機械,11310,1545,百萬美元
外銷訂單金額_美元,機械,11311,1685,百萬美元
外銷訂單金額_美元,機械,11312,1736,百萬美元
外銷訂單金額_美元,機械,11401,1529,百萬美元
外銷訂單金額_美元,機械,11402,1504,百萬美元
外銷訂單金額_美元,機械,11403,1701,百萬美元
外銷訂單金額_美元,機械,11404,1678,百萬美元
外銷訂單金額_美元,機械,11405,1769,百萬美元
外銷訂單金額_美元,機械,11406,1850,百萬美元
外銷訂單金額_美元,機械,11407,1770,百萬美元
外銷訂單金額_美元,機械,11408,1722,百萬美元
外銷訂單金額_美元,機械,11409,1799,百萬美元
外銷訂單金額_美元,機械,11410,1791,百萬美元
外銷訂單金額_美元,機械,11411,1800,百萬美元
外銷訂單金額_美元,機械,11412,2035,百萬美元
外銷訂單金額_美元,機械,11501,2150,百萬美元
外銷訂單金額_美元,機械,11502,1507,百萬美元
外銷訂單金額_美元,機械,11503,2055,百萬美元
外銷訂單金額_美元,機械,11504,2071,百萬美元
外銷訂單金額_美元,機械,11505,2167,百萬美元
外銷訂單金額_美元,機械,11506,2176,百萬美元
外銷訂單金額_美元,機械,11507,2324,百萬美元
