bucket_id,bucket_name,a_codes,a_names,c_commodities,twse_categories,basis_a,grade_a,basis_c,grade_c,basis_twse,grade_twse,note
B01,電子零組件（含半導體）,26,電子零組件製造業,電子產品,半導體業|電子零組件業,證交所『電子零組件業』與主計總處『電子零組件製造業』字面相同；『半導體業』屬 TSIC 26 之子類（官方定義）,A,C『電子產品』為電子零組件／積體電路為主之貨品別（官方貨品別名稱）,B,電子零組件業＝字面對應；半導體業＝官方定義對應,"A,B",
B02,電腦通信光電（資通訊硬體）,27,電腦、電子產品及光學製品製造業,,電腦及週邊設備業|通信網路業|光電業,『電腦及週邊設備業』字面含於『電腦、電子產品及光學製品製造業』；通信網路屬 TSIC 27 通信傳播設備；光電業字面對應『光學製品』,"A,B",總司令 2026-10-02 審定：移除 S_C（『光學器材』為 C 級，對電腦通信不具代表性），B02 只用 S_A,-,電腦及週邊設備業＝字面；通信網路業＝官方定義；光電業＝字面（弱）,"A,B,C",僅有 S_A（總司令 2026-10-02 審定移除 S_C；資通類貨品別檔案取不到，光學器材代表性弱）
B03,電機設備（電力設備與電線電纜）,28,電力設備及配備製造業,電機產品,電器電纜,『電器電纜』對應『電力設備及配備製造業』（TSIC 28 含電線及配線器材）,B,C『電機產品』字面對應『電力設備』,B,電器電纜為證交所產業別，字面含『電』，TSIC 定義對應,B,證交所『電機機械』同時含電機與機械，依字面歸 B04，不拆分；B03 因此股票數偏少
B04,機械設備,29,機械設備製造業,機械,電機機械,『電機機械』字面含『機械』；主計總處『機械設備製造業』,A,C『機械』字面相同,A,『電機機械』整類歸此桶（含重電等電機股，屬已知混雜）,A,電機機械混有重電／電機股，與 B03 部分重疊但不重複計入
B05,基本金屬（鋼鐵）,24,基本金屬製造業,基本金屬,鋼鐵工業,鋼鐵屬基本金屬（TSIC 24 含鋼鐵基本工業）,B,C『基本金屬』字面相同,A,鋼鐵工業＝官方定義對應；金屬製品製造業（TSIC 25）無對應證交所產業別，未使用,B,
B06,運輸工具（汽車與其他運輸工具）,30|31,汽車及其零件製造業|其他運輸工具及其零件製造業,運輸工具,汽車工業,『汽車工業』字面對應『汽車及其零件製造業』；機車、自行車屬 TSIC 31,A,C『運輸工具』字面對應,A,汽車工業＝字面；航運業屬運輸服務，非製造業，不納入,A,
B07,塑橡膠製品,21|22,橡膠製品製造業|塑膠製品製造業,塑橡膠製品,橡膠工業|塑膠工業,『橡膠工業』『塑膠工業』字面對應『橡膠製品』『塑膠製品』,A,C『塑橡膠製品』字面含兩者,A,字面對應；證交所『塑膠工業』實質含塑膠原料（台塑系），與『塑膠製品』範圍不完全一致，屬已知偏差,A,
B08,化學工業,17|18|19,石油及煤製品製造業|化學材料及肥料製造業|其他化學製品製造業,化學品,化學工業,『化學工業』字面含於 17／18／19 之『化學』與主計總處『化學工業』大類（I3）；不含藥品、橡膠、塑膠（各有專屬桶）,"A,B",C『化學品』字面對應,A,字面相同,A,
B09,紡織成衣,11|12,紡織業|成衣及服飾品製造業,紡織品,紡織纖維,『紡織纖維』字面對應『紡織業』；證交所『紡織纖維』含成衣廠，故併入 12,"A,B",C『紡織品』字面對應,A,字面對應,A,
B10,食品飲料,08|09,食品及飼品製造業|飲料製造業,,食品工業,『食品工業』字面對應『食品及飼品製造業』；飲料屬食品相關，證交所無獨立產業別,A,無對應貨品別（C 檔無食品類）,-,字面對應,A,僅有 S_A（無 S_C）
B11,造紙,15,紙漿、紙及紙製品製造業,,造紙工業,『造紙工業』字面對應『紙漿、紙及紙製品製造業』,A,無對應貨品別,-,字面相同,A,僅有 S_A；證交所造紙工業僅約 8 檔，易因 <8 檔規則當期不出分數
B12,非金屬礦物（水泥、玻璃陶瓷）,23,非金屬礦物製品製造業,,水泥工業|玻璃陶瓷,水泥、玻璃、陶瓷皆屬 TSIC 23 非金屬礦物製品（官方定義）,B,C『礦產品』為礦業產品（非加工製品），不對應；不使用,-,水泥工業、玻璃陶瓷＝官方定義對應,B,僅有 S_A
B13,生技醫療（藥品與醫用化學製品）,20,藥品及醫用化學製品製造業,,生技醫療業,『生技醫療業』對應『藥品及醫用化學製品製造業』（官方定義；醫材亦在 TSIC 其他類，不完全涵蓋）,B,無對應貨品別,-,官方定義對應,B,僅有 S_A；存貨率對藥品的『缺貨』意涵最弱，須 Cowork 審是否保留
